chromosome	tool	competitor_ps	competitor_accuracy	competitor_reads	competitor_discordant_reads	gap_start	gap_end	gap_bp	left_graph_ps	right_graph_ps	truth_hets	shared_hets	catalog_sites	graph_candidates	graph_phased_sites	private_sites	competitor_phased_sites	clean_het_snps	clean_het_indels	repeat_het_indels	filtered_ref_only	filtered_high_af	filtered_low_af	filtered_low_depth	filtered_no_reads	primary_reason
chr12	hiphase	46709288	0.9921	631	5	46725702	46838918	113216	46709288	46832734	15	17	1350	8	2	0	17	2	0	7	1221	141	3	1	0	block_stitching
chr12	hiphase	62813954	0.9985	5254	8	63758735	63866834	108099	63183980	63878915	27	27	1156	33	3	1	25	8	1	28	1102	12	14	0	0	block_stitching
chr12	hiphase	67715332	0.9982	6247	11	68757844	68841697	83853	68462321	68808608	7	6	1064	18	4	0	6	3	1	16	1028	7	13	0	0	block_stitching
chr12	hiphase	78062464	0.9959	731	3	78062641	78138755	76114	78062464	78123387	10	9	935	6	2	0	6	2	0	5	718	214	3	4	4	block_stitching
chr12	hiphase	15696672	0.9926	2829	21	15723767	15798039	74272	15696672	15803821	4	4	904	12	1	0	4	1	0	11	878	5	11	0	0	block_stitching
chr12	hiphase	87227486	0.9937	6209	39	87661162	87735057	73895	87262488	87757052	11	11	1005	21	4	1	11	5	1	16	975	8	7	2	0	block_stitching
chr12	hiphase	94509663	0.999	9789	10	95750003	95822767	72764	94683651	95813559	10	12	827	19	2	0	11	2	0	20	759	51	12	1	0	block_stitching
chr12	hiphase	49829339	0.9985	7551	11	49840592	49901233	60641	49829339	49904294	5	5	991	5	2	0	5	2	0	3	903	84	2	0	0	block_stitching
chr12	hiphase	123744174	0.9944	1954	11	123829379	123886846	57467	123822475	123886846	5	6	779	3	0	0	6	0	0	4	711	68	3	2	1	repeat_indels_excluded
chr12	hiphase	127768136	0.9966	3268	11	127889344	127946395	57051	127778845	127949282	4	3	946	3	0	0	3	0	0	5	926	12	7	2	1	repeat_indels_excluded
chr12	hiphase	21226317	0.9971	3508	10	21555274	21605811	50537	21520197	21605811	3	3	647	11	1	0	3	2	0	11	620	19	1	0	0	block_stitching
chr12	hiphase	107519685	0.9919	1364	11	107748944	107799383	50439	107653833	107814035	2	2	836	4	1	0	2	1	0	3	683	147	0	0	8	block_stitching
chr12	hiphase	113877375	0.9974	6867	18	115324804	115374567	49763	115321090	115390318	3	3	780	9	2	0	3	2	0	8	745	13	17	0	1	block_stitching
chr12	hiphase	113877375	0.9974	6867	18	113944129	113992649	48520	113883045	113976310	10	12	917	14	2	0	9	2	1	12	757	138	7	13	11	block_stitching
chr12	hiphase	26654396	0.9989	12813	14	26664531	26712777	48246	26657598	26722053	9	8	584	9	0	0	8	0	0	10	553	21	3	0	0	repeat_indels_excluded
chr12	hiphase	88672112	0.9949	2172	11	88697394	88744635	47241	88682789	88750349	6	5	508	10	0	0	4	0	0	11	490	4	11	2	0	repeat_indels_excluded
chr12	hiphase	47157890	0.9964	3873	14	47636066	47683118	47052	47558144	47689100	3	3	518	5	1	0	3	1	0	4	483	35	0	0	0	block_stitching
chr12	hiphase	21226317	0.9971	3508	10	21473633	21520197	46564	21297420	21520197	3	3	619	4	0	0	3	2	0	2	591	22	3	0	0	clean_candidate_unphased
chr12	hiphase	93620517	0.9927	1236	9	93730029	93776433	46404	93624375	93790220	3	3	504	6	1	0	3	2	0	5	411	89	3	1	0	block_stitching
chr12	hiphase	44471515	0.9945	4010	22	44498878	44543246	44368	44471515	44543246	3	4	559	5	0	0	3	0	0	6	549	1	4	0	0	repeat_indels_excluded
chr12	hiphase	486909	0.9904	6369	61	1861231	1905447	44216	1612109	1905447	2	2	593	2	1	0	2	1	0	1	588	3	1	0	0	block_stitching
chr12	hiphase	127768136	0.9966	3268	11	128368764	128412372	43608	127949282	128412372	3	3	623	9	0	0	3	0	0	10	603	9	10	0	0	repeat_indels_excluded
chr12	hiphase	65929643	0.9976	7175	17	67027793	67070984	43191	66197743	67070984	3	2	501	4	0	0	2	0	0	5	468	31	2	1	0	repeat_indels_excluded
chr12	hiphase	97370965	0.9967	6035	20	97378951	97421383	42432	97370965	97425743	6	5	503	12	0	2	4	1	0	12	488	1	7	0	0	clean_candidate_unphased
chr12	hiphase	71300657	0.9958	3556	15	71496751	71538332	41581	71373459	71539975	2	3	484	2	1	0	3	1	0	2	445	37	3	0	0	block_stitching
chr12	hiphase	29423503	0.9965	1130	4	29497212	29538391	41179	29423503	29538391	2	3	648	2	0	0	3	0	0	2	633	9	6	0	0	repeat_indels_excluded
chr12	hiphase	132175918	0.9952	2900	14	132680226	132721219	40993	132269706	132721219	3	2	567	3	1	0	2	0	1	2	559	1	5	0	0	block_stitching
chr12	hiphase	128607742	0.9984	4256	7	129345515	129386314	40799	128733401	129390056	2	1	635	3	1	0	1	1	0	2	609	25	0	1	0	block_stitching
chr12	hiphase	78793157	0.9936	935	6	78927554	78968346	40792	78793157	78949346	7	7	466	6	1	0	6	2	0	5	443	23	6	2	0	block_stitching
chr12	hiphase	107884588	0.9997	7607	2	108964809	109005512	40703	108963909	109005512	4	4	495	5	0	0	4	0	0	6	457	39	1	1	0	repeat_indels_excluded
chr12	hiphase	67715332	0.9982	6247	11	68421680	68462321	40641	68061404	68462321	3	3	525	10	1	1	3	1	0	10	512	2	4	0	0	block_stitching
chr12	hiphase	16391848	0.9958	8304	35	17167993	17208561	40568	16935942	17208561	3	4	544	10	0	0	3	2	0	9	534	0	7	0	0	clean_candidate_unphased
chr12	hiphase	2569088	0.9974	1949	5	2980405	3020923	40518	2970124	3020923	6	6	579	3	0	0	5	0	0	3	574	2	0	0	0	repeat_indels_excluded
chr12	hiphase	41912119	0.9949	4115	21	42182585	42222250	39665	42146984	42232108	3	3	655	5	0	0	3	0	0	7	643	4	4	0	0	repeat_indels_excluded
chr12	hiphase	131894154	0.9953	634	3	131983193	132022841	39648	131955227	132022841	3	3	487	8	0	2	3	0	1	8	474	1	6	0	0	clean_candidate_unphased
chr12	hiphase	13166071	0.9986	2074	3	13594134	13633697	39563	13166071	13617651	2	1	438	3	1	0	1	1	0	2	393	49	0	0	0	block_stitching
chr12	hiphase	55378381	0.9921	1271	10	55494788	55533763	38975	55436166	55516225	6	6	772	5	1	2	5	1	0	5	766	0	1	0	0	block_stitching
chr12	hiphase	55378381	0.9921	1271	10	55389184	55427864	38680	55378381	55436166	5	5	583	7	1	1	5	1	0	7	509	69	0	0	0	block_stitching
chr12	hiphase	124572917	0.9964	5806	21	125571087	125609135	38048	125388534	125609135	4	6	528	2	0	2	5	0	0	2	520	3	4	0	0	repeat_indels_excluded
chr12	hiphase	61156279	0.9934	4710	31	61477853	61515890	38037	61207164	61515890	3	4	463	1	0	0	4	0	0	3	406	54	8	2	0	repeat_indels_excluded
chr12	hiphase	71300657	0.9958	3556	15	71669061	71706173	37112	71630159	71706173	4	3	504	5	0	0	3	0	0	6	494	3	4	0	0	repeat_indels_excluded
chr12	hiphase	101521460	0.9954	2174	10	101909034	101946124	37090	101633408	101946124	4	3	462	3	0	0	3	0	0	3	453	8	3	1	0	repeat_indels_excluded
chr12	hiphase	14548492	0.9938	3203	20	14614161	14650919	36758	14593040	14650919	2	1	521	5	0	0	1	1	0	4	468	47	3	0	0	clean_candidate_unphased
chr12	hiphase	67715332	0.9982	6247	11	68024665	68061404	36739	67715509	68061404	2	2	445	2	0	0	2	1	0	1	410	33	1	0	0	clean_candidate_unphased
chr12	hiphase	124572917	0.9964	5806	21	125879755	125915690	35935	125609135	125920680	3	4	470	3	0	0	4	0	0	4	452	14	2	0	0	repeat_indels_excluded
chr12	hiphase	43783842	0.9935	2315	15	43806602	43842492	35890	43783841	43843417	4	4	528	9	1	0	4	0	1	9	513	3	5	0	0	block_stitching
chr12	hiphase	49829339	0.9985	7551	11	49947042	49982739	35697	49904294	49983466	5	1	396	8	0	0	1	0	0	9	377	10	12	2	0	repeat_indels_excluded
chr12	hiphase	51957337	0.9973	2254	6	52072854	52108512	35658	51966331	52108512	3	2	567	5	0	0	2	0	0	6	556	5	4	1	0	repeat_indels_excluded
chr12	hiphase	91046459	0.9981	10393	20	91609290	91644696	35406	91136572	91644696	2	3	365	2	0	0	3	0	0	2	348	15	1	0	0	repeat_indels_excluded
chr12	hiphase	29693044	1.0	1503	0	29694358	29728273	33915	29693043	29735657	2	1	670	1	0	0	1	0	0	1	667	0	4	0	0	repeat_indels_excluded
chr12	hiphase	44471515	0.9945	4010	22	45121638	45155523	33885	44543246	45155523	5	4	414	4	0	0	4	0	0	4	406	2	3	0	0	repeat_indels_excluded
chr12	hiphase	47157890	0.9964	3873	14	47524269	47558144	33875	47157890	47558144	1	1	386	2	0	1	1	0	0	2	337	49	1	0	0	repeat_indels_excluded
chr12	hiphase	130506653	0.9979	4690	10	131021291	131054942	33651	130700747	131055807	3	2	617	2	0	1	2	0	0	2	611	3	1	0	0	repeat_indels_excluded
chr12	hiphase	21226317	0.9971	3508	10	21263902	21297420	33518	21229205	21297420	1	1	481	2	0	1	1	0	0	2	409	72	0	1	0	repeat_indels_excluded
chr12	hiphase	7381521	0.9972	7405	21	8993812	9026863	33051	8701984	9032347	2	2	377	3	1	0	2	1	0	2	373	1	0	0	0	block_stitching
chr12	hiphase	2569088	0.9974	1949	5	2576854	2609646	32792	2569088	2609646	1	1	335	0	0	1	1	0	0	0	332	1	3	0	0	catalog_site_not_candidate
chr12	hiphase	41912119	0.9949	4115	21	42114546	42146984	32438	41912119	42146984	3	3	415	5	0	0	3	0	0	6	407	4	3	0	0	repeat_indels_excluded
chr12	hiphase	53581087	0.9956	687	3	53631960	53664380	32420	53621455	53664380	5	5	441	4	0	0	5	0	0	4	358	91	1	4	0	repeat_indels_excluded
chr12	hiphase	75848538	1.0	1189	0	75886047	75918045	31998	75851330	75920552	3	5	467	2	0	0	4	0	0	2	406	59	2	0	0	repeat_indels_excluded
chr12	hiphase	91046459	0.9981	10393	20	93154408	93186257	31849	93071066	93189013	2	2	391	7	0	0	1	0	0	9	378	1	5	0	0	repeat_indels_excluded
chr12	hiphase	123744174	0.9944	1954	11	123774338	123806180	31842	123744174	123822475	3	2	413	7	1	1	2	1	0	6	403	0	6	0	0	block_stitching
chr12	hiphase	16391848	0.9958	8304	35	17777902	17809309	31407	17645134	17809308	4	4	365	2	0	0	4	0	0	4	343	19	4	0	0	repeat_indels_excluded
chr12	hiphase	26654396	0.9989	12813	14	27750070	27781166	31096	27308951	27785226	4	3	338	4	0	0	3	0	0	7	276	65	0	4	0	repeat_indels_excluded
chr12	hiphase	22787334	0.9995	2047	1	23079903	23110923	31020	22787334	23121221	2	1	295	2	0	0	1	0	0	3	289	3	2	0	0	repeat_indels_excluded
chr12	hiphase	91046459	0.9981	10393	20	91071755	91102669	30914	91046459	91102669	5	4	434	12	0	0	4	0	0	13	393	33	3	0	0	repeat_indels_excluded
chr12	hiphase	81411073	0.9977	5746	13	81455709	81486485	30776	81418141	81486485	2	2	343	1	0	0	2	0	0	1	310	33	1	1	0	repeat_indels_excluded
chr12	hiphase	51758759	0.9942	694	4	51805217	51835817	30600	51758759	51853315	2	1	404	2	1	0	1	1	0	1	393	1	9	0	0	block_stitching
chr12	hiphase	96763665	0.9927	409	3	96767308	96797501	30193	96763665	96797949	2	2	318	1	0	0	1	0	0	1	281	36	1	1	0	repeat_indels_excluded
chr12	hiphase	86319902	0.9944	533	3	86330477	86360625	30148	86320764	86360625	1	1	441	1	0	0	1	0	0	1	391	47	3	0	0	repeat_indels_excluded
chr12	hiphase	44471515	0.9945	4010	22	45166366	45196016	29650	45155523	45196016	1	1	376	5	0	0	1	0	0	8	367	1	4	0	0	repeat_indels_excluded
chr12	hiphase	97370965	0.9967	6035	20	97571177	97600354	29177	97425743	97600354	2	2	413	4	0	0	2	0	0	4	375	39	0	0	0	repeat_indels_excluded
chr12	hiphase	72311416	0.9964	278	1	72330965	72359792	28827	72312016	72359792	1	1	349	4	0	0	1	0	0	5	333	10	3	0	0	repeat_indels_excluded
chr12	hiphase	107884588	0.9997	7607	2	109658890	109687437	28547	109005512	109689312	5	5	369	6	0	0	5	2	0	4	358	2	4	0	0	clean_candidate_unphased
chr12	hiphase	84776720	0.9972	704	2	84788243	84816737	28494	84776720	84823505	2	4	388	4	0	0	2	0	0	9	322	67	0	1	0	repeat_indels_excluded
chr12	hiphase	101178384	1.0	1246	0	101311033	101339241	28208	101178810	101339241	1	2	317	2	0	0	1	0	0	2	266	50	1	0	0	repeat_indels_excluded
chr12	hiphase	45394406	1.0	982	0	45407561	45435615	28054	45394628	45435615	1	1	336	3	0	0	1	0	0	4	279	54	0	0	3	repeat_indels_excluded
chr12	hiphase	101521460	0.9954	2174	10	101605481	101633408	27927	101532168	101633408	2	2	399	3	0	0	2	0	0	3	372	27	0	1	0	repeat_indels_excluded
chr12	hiphase	126568848	0.9991	2184	2	126932709	126960369	27660	126844939	126960367	1	1	416	0	1	0	1	0	0	0	351	65	0	0	0	block_stitching
chr12	hiphase	128607742	0.9984	4256	7	129490069	129517639	27570	129390056	129521465	1	1	400	2	0	0	1	0	0	2	350	51	1	0	0	repeat_indels_excluded
chr12	hiphase	23298149	0.9945	3632	20	23757924	23785124	27200	23256978	23785124	2	2	327	4	0	1	2	1	0	3	298	25	3	0	0	clean_candidate_unphased
chr12	hiphase	30751694	1.0	283	0	30763965	30790911	26946	30751694	30790911	1	1	374	2	0	0	1	0	0	2	357	17	1	0	0	repeat_indels_excluded
chr12	hiphase	41912119	0.9949	4115	21	42236067	42262833	26766	42232108	42262833	4	4	332	5	0	0	3	0	0	7	322	0	5	0	0	repeat_indels_excluded
chr12	hiphase	124572917	0.9964	5806	21	125928910	125955433	26523	125920680	125955433	6	5	414	9	0	0	4	1	0	14	399	3	10	0	1	clean_candidate_unphased
chr12	hiphase	61156279	0.9934	4710	31	61172711	61198989	26278	61156279	61207164	4	3	442	6	0	0	3	2	0	6	416	25	0	1	0	clean_candidate_unphased
chr12	hiphase	56621636	0.9992	3805	3	56951919	56978140	26221	56625505	56978140	2	2	234	3	0	0	1	0	0	3	228	2	2	0	0	repeat_indels_excluded
chr12	hiphase	81092816	1.0	964	0	81101421	81127126	25705	81092816	81127402	0	0	367	0	0	0	0	0	0	0	366	0	1	0	0	catalog_site_not_candidate
chr12	hiphase	91046459	0.9981	10393	20	91103561	91128678	25117	91102669	91136572	2	2	269	3	0	0	2	0	0	4	264	2	2	0	0	repeat_indels_excluded
chr12	hiphase	23298149	0.9945	3632	20	23833971	23858836	24865	23785124	23858836	4	2	385	4	0	0	2	0	0	5	378	10	1	2	0	repeat_indels_excluded
chr12	hiphase	124572917	0.9964	5806	21	125364026	125388534	24508	125064983	125388534	0	0	291	0	0	0	0	0	0	0	274	17	0	0	0	catalog_site_not_candidate
chr12	hiphase	81411073	0.9977	5746	13	81956288	81980667	24379	81513844	81980667	0	0	300	0	0	0	0	0	0	0	298	1	1	0	0	catalog_site_not_candidate
chr12	hiphase	47157890	0.9964	3873	14	47948274	47972498	24224	47689100	47972498	3	2	298	1	0	0	2	0	0	1	246	55	0	0	0	repeat_indels_excluded
chr12	hiphase	107884588	0.9997	7607	2	108939730	108963909	24179	107884588	108963909	1	1	361	2	0	0	1	0	0	4	356	2	1	0	0	repeat_indels_excluded
chr12	hiphase	53497805	0.9929	282	2	53521755	53545876	24121	53497805	53553859	1	1	223	2	0	0	1	0	0	2	182	41	3	2	0	repeat_indels_excluded
chr12	hiphase	131894154	0.9953	634	3	131920889	131944887	23998	131907627	131955227	2	1	309	7	0	0	1	0	0	9	299	1	5	0	0	repeat_indels_excluded
chr12	hiphase	112802342	0.9961	3870	15	113354298	113378104	23806	112802342	113378104	3	3	333	8	0	0	3	1	0	9	315	6	8	1	0	clean_candidate_unphased
chr12	hiphase	103465161	0.9984	6976	11	104727659	104751072	23413	103691597	104755431	2	2	279	1	0	0	1	0	0	1	231	50	3	0	0	repeat_indels_excluded
chr12	hiphase	120369904	0.9992	3667	3	121256761	121280056	23295	120377082	121280056	3	3	333	3	0	1	2	0	0	3	327	1	3	0	0	repeat_indels_excluded
chr12	hiphase	51758759	0.9942	694	4	51902847	51926107	23260	51853315	51926107	1	1	231	3	0	0	1	0	0	4	227	0	2	0	0	repeat_indels_excluded
chr12	hiphase	112802342	0.9961	3870	15	113600698	113623816	23118	113378104	113623816	3	3	347	3	0	0	3	0	0	4	340	6	1	0	1	repeat_indels_excluded
chr12	hiphase	86319902	0.9944	533	3	86373106	86396039	22933	86360625	86396039	7	7	301	5	0	0	5	1	0	5	287	11	3	9	0	clean_candidate_unphased
chr12	hiphase	16391848	0.9958	8304	35	17828771	17851500	22729	17809308	17851500	0	1	322	3	0	0	1	0	0	3	302	20	2	0	0	repeat_indels_excluded
chr12	hiphase	65929643	0.9976	7175	17	67468235	67490822	22587	67070984	67494573	0	0	275	2	0	0	0	0	1	1	265	9	1	0	0	clean_candidate_unphased
chr12	hiphase	2015747	0.9968	928	3	2030274	2052322	22048	2014545	2059247	0	0	299	1	0	0	0	0	0	2	295	0	4	0	0	repeat_indels_excluded
chr12	hiphase	94509663	0.999	9789	10	96381641	96403552	21911	95813559	96403552	0	0	281	2	0	0	0	0	0	3	249	32	0	1	0	repeat_indels_excluded
chr12	hiphase	115642949	0.9994	11305	7	117781348	117803258	21910	117404271	117806448	4	2	344	1	0	0	2	0	0	1	338	2	3	0	0	repeat_indels_excluded
chr12	hiphase	15696672	0.9926	2829	21	15948599	15970450	21851	15803821	15984808	2	2	278	1	0	0	2	0	0	1	269	9	0	2	0	repeat_indels_excluded
chr12	hiphase	16391848	0.9958	8304	35	16487624	16509411	21787	16391848	16516402	0	0	172	1	0	0	0	0	0	1	152	21	0	0	0	repeat_indels_excluded
chr12	hiphase	16391848	0.9958	8304	35	17611859	17633563	21704	17208561	17645134	4	3	409	1	0	0	3	0	0	1	321	89	0	0	8	repeat_indels_excluded
chr12	hiphase	64010101	0.9961	1529	6	64080957	64102459	21502	64070387	64110030	1	0	218	0	0	0	0	0	0	0	218	0	0	0	0	catalog_site_not_candidate
chr12	hiphase	486909	0.9904	6369	61	1582019	1603397	21378	859855	1612109	2	1	336	2	0	0	1	0	0	3	327	9	0	1	0	repeat_indels_excluded
chr12	hiphase	21226317	0.9971	3508	10	21662343	21683588	21245	21661964	21683586	0	0	252	2	1	0	0	0	0	2	248	0	2	0	0	block_stitching
chr12	hiphase	74876286	0.9992	3877	3	75204598	75225703	21105	75173819	75232062	3	3	218	1	0	1	3	0	0	1	216	1	0	0	0	repeat_indels_excluded
chr12	hiphase	91046459	0.9981	10393	20	92229887	92250896	21009	91644696	92264984	1	0	215	4	0	0	0	0	0	5	210	1	0	0	0	repeat_indels_excluded
chr12	hiphase	74876286	0.9992	3877	3	75148081	75169039	20958	74920741	75173819	0	0	246	1	0	0	0	0	0	1	214	34	0	1	0	repeat_indels_excluded
chr12	hiphase	7381521	0.9972	7405	21	8381294	8402164	20870	8286940	8404941	1	1	422	2	0	0	0	0	0	2	355	64	4	0	0	repeat_indels_excluded
chr12	hiphase	76226371	0.9969	4886	15	76742549	76763305	20756	76254701	76763305	3	2	274	3	0	0	2	0	0	3	259	14	0	0	0	repeat_indels_excluded
chr12	hiphase	43783842	0.9935	2315	15	43874898	43895653	20755	43843417	43908809	1	1	275	3	0	0	1	0	0	3	272	0	1	0	0	repeat_indels_excluded
chr12	hiphase	113877375	0.9974	6867	18	114889774	114910453	20679	114571923	114924471	0	0	290	1	0	0	0	0	0	1	255	34	0	1	0	repeat_indels_excluded
chr12	hiphase	57871670	0.9967	3651	12	57925210	57945851	20641	57875794	57949476	2	2	258	2	0	0	2	0	0	5	254	2	0	0	0	repeat_indels_excluded
chr12	hiphase	43783842	0.9935	2315	15	43945661	43966295	20634	43908809	43975492	0	0	229	2	0	0	0	0	0	2	227	0	0	0	0	repeat_indels_excluded
chr12	hiphase	76226371	0.9969	4886	15	76826907	76847400	20493	76763305	76849452	5	8	274	2	0	0	7	0	0	4	231	44	0	0	0	repeat_indels_excluded
chr12	hiphase	61156279	0.9934	4710	31	61982945	62003283	20338	61893578	62003283	1	1	314	2	0	0	1	0	0	2	282	29	0	0	3	repeat_indels_excluded
chr12	hiphase	87227486	0.9937	6209	39	87242489	87262488	19999	87227486	87262488	1	0	292	5	0	0	0	0	0	6	287	0	1	0	0	repeat_indels_excluded
chr12	hiphase	87227486	0.9937	6209	39	88103483	88123462	19979	87757052	88123461	0	0	203	2	0	0	0	0	0	4	200	1	1	0	0	repeat_indels_excluded
chr12	hiphase	107519685	0.9919	1364	11	107624124	107643866	19742	107617590	107653833	2	2	228	3	0	0	2	0	0	5	217	8	2	0	0	repeat_indels_excluded
chr12	hiphase	2569088	0.9974	1949	5	2950398	2970124	19726	2609646	2970124	2	3	359	3	0	0	3	0	0	3	334	19	3	2	0	repeat_indels_excluded
chr12	hiphase	64010101	0.9961	1529	6	64050910	64070387	19477	64013748	64070387	0	1	211	4	0	0	1	0	0	4	207	1	2	0	0	repeat_indels_excluded
chr12	hiphase	40493795	0.999	1038	1	40555554	40574501	18947	40493795	40574501	1	1	257	1	0	0	1	0	0	1	227	30	0	1	0	repeat_indels_excluded
chr12	hiphase	14548492	0.9938	3203	20	14574410	14593041	18631	14548492	14593040	0	0	317	3	1	0	0	0	0	3	267	45	1	0	0	block_stitching
chr12	hiphase	72401267	0.9994	1795	1	72702954	72721435	18481	72401267	72733778	0	0	231	0	0	0	0	0	0	0	227	3	3	0	0	catalog_site_not_candidate
chr12	hiphase	40342650	0.9967	606	2	40400850	40419330	18480	40342650	40419983	0	0	259	0	0	0	0	0	0	0	258	0	1	0	0	catalog_site_not_candidate
chr12	hiphase	16391848	0.9958	8304	35	16916787	16935146	18359	16516402	16935942	0	0	212	2	0	0	0	0	0	2	201	9	2	0	0	repeat_indels_excluded
chr12	hiphase	115642949	0.9994	11305	7	116552026	116570310	18284	115655282	116574596	1	2	266	3	0	0	1	0	0	3	260	4	6	0	0	repeat_indels_excluded
chr12	hiphase	98775768	0.9995	6574	3	98899411	98917671	18260	98775768	98931012	1	1	190	1	0	1	1	0	0	1	187	2	0	0	0	repeat_indels_excluded
chr12	hiphase	124572917	0.9964	5806	21	124796413	124814425	18012	124613904	124831165	1	1	278	1	0	0	1	0	0	1	254	24	0	0	0	repeat_indels_excluded
chr12	hiphase	115642949	0.9994	11305	7	117080027	117098025	17998	116574596	117106425	0	0	278	2	0	0	0	0	0	2	255	19	2	0	0	repeat_indels_excluded
chr12	hiphase	54849449	0.9988	2428	3	55318625	55336476	17851	55302341	55349124	1	0	287	2	0	0	0	0	0	7	283	1	0	0	0	repeat_indels_excluded
chr12	hiphase	23298149	0.9945	3632	20	24007406	24025010	17604	23992113	24036248	3	1	268	3	1	0	1	2	0	1	239	27	0	0	0	block_stitching
chr12	hiphase	24071938	0.9993	4259	3	24106886	24124230	17344	24080947	24129119	0	0	251	0	0	0	0	0	0	0	247	3	1	0	0	catalog_site_not_candidate
chr12	hiphase	26654396	0.9989	12813	14	27291687	27308951	17264	26722053	27308951	4	3	203	3	0	0	3	0	0	4	179	20	5	1	0	repeat_indels_excluded
chr12	hiphase	82917208	0.9969	640	2	82982632	82999465	16833	82921558	82999465	1	0	302	3	0	0	0	0	0	4	296	3	1	0	0	repeat_indels_excluded
chr12	hiphase	113877375	0.9974	6867	18	114549268	114566057	16789	113976310	114571923	3	3	299	4	0	0	3	2	0	2	293	0	1	0	0	clean_candidate_unphased
chr12	hiphase	486909	0.9904	6369	61	833447	850059	16612	776600	859855	1	0	188	1	0	0	0	0	0	1	185	3	1	0	0	repeat_indels_excluded
chr12	hiphase	41912119	0.9949	4115	21	42668404	42684873	16469	42262833	42686879	1	1	275	1	0	0	1	0	0	2	229	48	1	1	0	repeat_indels_excluded
chr12	hiphase	101178384	1.0	1246	0	101406042	101422137	16095	101339241	101423341	46	37	250	3	0	0	36	0	0	3	113	0	0	0	134	repeat_indels_excluded
chr12	hiphase	22239381	0.9957	2310	10	22429778	22445431	15653	22321325	22454608	4	2	167	5	0	0	2	0	0	6	162	1	0	0	0	repeat_indels_excluded
chr12	hiphase	486909	0.9904	6369	61	756080	771534	15454	516773	776600	1	1	176	1	0	0	1	0	0	1	174	0	1	0	0	repeat_indels_excluded
chr12	hiphase	77378059	0.9929	1412	10	77588922	77604272	15350	77512968	77610001	1	1	159	3	0	0	1	0	0	7	155	1	0	0	0	repeat_indels_excluded
chr12	hiphase	97370965	0.9967	6035	20	98354085	98369322	15237	97600354	98378528	1	1	193	2	0	0	1	0	0	2	164	29	0	0	0	repeat_indels_excluded
chr12	hiphase	23298149	0.9945	3632	20	23976939	23992113	15174	23858836	23992113	2	3	200	5	0	0	3	0	0	7	179	20	1	1	0	repeat_indels_excluded
chr12	hiphase	11450380	0.9992	7064	6	12188747	12203352	14605	12124498	12203352	0	0	247	1	0	0	0	0	0	1	222	18	7	1	0	repeat_indels_excluded
chr12	hiphase	71300657	0.9958	3556	15	71347041	71361523	14482	71300672	71373459	0	0	229	0	0	0	0	0	0	0	226	2	2	1	0	catalog_site_not_candidate
chr12	hiphase	132175918	0.9952	2900	14	133017624	133032024	14400	133012499	133032024	0	0	415	5	0	0	0	0	0	6	404	3	3	0	0	repeat_indels_excluded
chr12	hiphase	21226317	0.9971	3508	10	21647582	21661964	14382	21605811	21661964	0	0	133	1	0	0	0	0	0	1	131	1	1	0	0	repeat_indels_excluded
chr12	hiphase	7381521	0.9972	7405	21	8169830	8183801	13971	7969637	8183789	2	1	221	3	1	0	1	0	0	3	215	2	1	0	0	block_stitching
chr12	hiphase	7381521	0.9972	7405	21	7952408	7965829	13421	7381521	7969637	0	1	246	1	0	0	1	0	0	1	209	37	2	1	1	repeat_indels_excluded
chr12	hiphase	53777856	0.9987	1503	2	53968634	53981933	13299	53818198	53990646	6	2	201	9	0	0	2	0	0	11	183	11	2	2	0	repeat_indels_excluded
chr12	hiphase	7381521	0.9972	7405	21	8688810	8701999	13189	8404941	8701984	3	2	179	6	2	0	1	2	0	4	169	6	4	0	0	block_stitching
chr12	hiphase	61156279	0.9934	4710	31	62033872	62046948	13076	62003283	62059122	3	3	175	2	0	0	3	0	0	2	148	23	4	0	0	repeat_indels_excluded
chr12	hiphase	7381521	0.9972	7405	21	8235470	8248466	12996	8183789	8251459	24	23	324	0	0	0	23	0	0	0	250	0	0	14	60	catalog_site_not_candidate
chr12	hiphase	76226371	0.9969	4886	15	76926832	76939598	12766	76849452	76939595	2	2	167	9	1	0	1	1	0	9	153	1	6	0	0	block_stitching
chr12	hiphase	51957337	0.9973	2254	6	52191505	52204083	12578	52108512	52204083	4	3	161	5	0	0	3	0	0	8	155	3	0	0	0	repeat_indels_excluded
chr12	hiphase	11450380	0.9992	7064	6	12817103	12829502	12399	12569852	12840984	3	4	173	8	1	0	2	3	0	8	162	3	3	1	0	block_stitching
chr12	hiphase	15696672	0.9926	2829	21	16213193	16225083	11890	15984808	16225083	1	1	165	0	0	0	1	0	0	0	159	7	0	0	0	catalog_site_not_candidate
chr12	hiphase	94509663	0.999	9789	10	94671884	94683651	11767	94509663	94683651	0	0	245	1	0	0	0	0	0	1	234	9	1	0	0	repeat_indels_excluded
chr12	hiphase	49829339	0.9985	7551	11	51296213	51307931	11718	50621186	51317352	1	1	135	3	0	0	1	0	0	3	129	1	3	0	0	repeat_indels_excluded
chr12	hiphase	81411073	0.9977	5746	13	81489285	81500762	11477	81486485	81513844	1	1	134	1	0	0	1	0	0	1	119	14	2	0	0	repeat_indels_excluded
chr12	hiphase	97370965	0.9967	6035	20	98564272	98575654	11382	98378528	98591573	0	0	148	0	0	0	0	0	0	0	139	7	2	0	0	catalog_site_not_candidate
chr12	hiphase	103465161	0.9984	6976	11	103668153	103679217	11064	103465161	103691597	0	0	124	1	0	0	0	0	0	1	122	0	2	0	0	repeat_indels_excluded
chr12	hiphase	14548492	0.9938	3203	20	15197217	15208103	10886	14650919	15208103	0	0	100	2	0	0	0	0	0	3	99	0	0	0	0	repeat_indels_excluded
chr12	hiphase	11450380	0.9992	7064	6	12542779	12553491	10712	12203352	12569852	1	1	145	1	0	0	1	0	0	1	143	0	2	0	0	repeat_indels_excluded
chr12	hiphase	87227486	0.9937	6209	39	88367325	88378031	10706	88123461	88391655	1	1	129	1	0	0	1	0	0	1	126	2	2	0	0	repeat_indels_excluded
chr12	hiphase	62813954	0.9985	5254	8	63161300	63171996	10696	62814727	63183980	0	0	154	0	0	0	0	0	0	0	150	1	3	0	0	catalog_site_not_candidate
chr12	hiphase	91046459	0.9981	10393	20	93060627	93071066	10439	92264984	93071066	0	0	125	1	0	0	0	0	1	0	103	22	1	0	0	clean_candidate_unphased
chr12	hiphase	128607742	0.9984	4256	7	128718146	128728429	10283	128607741	128733401	0	0	137	0	0	0	0	0	0	0	127	10	0	0	0	catalog_site_not_candidate
chr12	hiphase	132175918	0.9952	2900	14	133002513	133012499	9986	132721219	133012499	280	7	870	1	0	0	7	0	0	2	771	4	0	25	71	repeat_indels_excluded
chr12	hiphase	26654396	0.9989	12813	14	28711068	28720999	9931	27785226	28730782	0	0	201	0	0	0	0	0	0	0	197	4	0	0	0	catalog_site_not_candidate
chr12	hiphase	11450380	0.9992	7064	6	13022146	13032022	9876	12840984	13039039	2	2	96	2	0	0	2	0	0	2	94	2	0	0	0	repeat_indels_excluded
chr12	hiphase	54849449	0.9988	2428	3	55255646	55265307	9661	54858055	55275151	2	1	123	2	0	0	1	1	0	1	121	0	0	0	0	clean_candidate_unphased
chr12	hiphase	54849449	0.9988	2428	3	55292885	55302341	9456	55275151	55302341	1	0	161	0	0	0	0	0	0	0	155	8	0	0	0	catalog_site_not_candidate
chr12	hiphase	42866345	0.9946	933	5	42893285	42902689	9404	42874413	42910889	0	0	105	0	0	0	0	0	0	0	84	21	0	0	0	catalog_site_not_candidate
chr12	hiphase	109729029	0.9994	5000	3	109759813	109768820	9007	109752500	109783249	0	0	106	0	0	0	0	0	0	0	105	0	1	0	0	catalog_site_not_candidate
chr12	hiphase	4942049	1.0	2142	0	5411034	5419503	8469	4942049	5430202	0	0	105	0	0	0	0	0	0	0	102	2	1	0	0	catalog_site_not_candidate
chr12	hiphase	84964779	0.9998	5167	1	85829276	85837682	8406	84964778	85841907	0	0	148	1	0	0	0	0	0	1	98	50	1	0	0	repeat_indels_excluded
chr12	hiphase	3115178	0.9971	2759	8	3529912	3538260	8348	3115178	3538259	0	0	80	1	1	0	0	0	0	1	78	0	1	0	0	block_stitching
chr12	hiphase	88672112	0.9949	2172	11	88964514	88972521	8007	88750349	88977373	4	2	76	3	0	0	2	0	0	4	72	2	1	0	0	repeat_indels_excluded
chr12	hiphase	65929643	0.9976	7175	17	66184270	66192199	7929	65978346	66197743	0	0	86	2	0	0	0	0	0	2	83	1	1	0	0	repeat_indels_excluded
chr12	hiphase	2015747	0.9968	928	3	2138782	2146703	7921	2059247	2156222	0	0	89	0	0	0	0	0	0	0	89	0	0	0	0	catalog_site_not_candidate
chr12	hiphase	80698761	0.9992	1299	1	80779184	80786946	7762	80698761	80786946	3	3	82	2	0	0	3	0	0	2	73	12	1	1	0	repeat_indels_excluded
chr12	hiphase	77378059	0.9929	1412	10	77493304	77500759	7455	77378059	77512968	0	0	87	1	0	0	0	0	1	0	86	0	1	0	0	clean_candidate_unphased
chr12	hiphase	113877375	0.9974	6867	18	115296174	115303511	7337	114924471	115321090	2	2	137	5	0	0	2	0	0	6	125	2	7	0	0	repeat_indels_excluded
chr12	hiphase	56621636	0.9992	3805	3	57234172	57239693	5521	56978140	57250645	1	0	32	0	0	0	0	0	0	0	28	4	0	0	0	catalog_site_not_candidate
chr12	hiphase	124572917	0.9964	5806	21	125060000	125064983	4983	124831165	125064983	1	1	86	3	0	0	1	0	0	3	61	19	3	0	0	repeat_indels_excluded
chr12	hiphase	61156279	0.9934	4710	31	61888795	61893578	4783	61515890	61893578	0	0	65	1	0	0	0	0	0	1	59	6	0	0	0	repeat_indels_excluded
chr12	hiphase	126568848	0.9991	2184	2	126838941	126843370	4429	126568848	126844939	61	1	574	0	0	0	1	0	0	0	484	0	0	2	88	catalog_site_not_candidate
chr12	hiphase	115642949	0.9994	11305	7	117389379	117393665	4286	117106425	117404271	0	0	39	0	0	0	0	0	0	0	37	1	1	0	0	catalog_site_not_candidate
chr12	hiphase	76226371	0.9969	4886	15	77193111	77196713	3602	76939595	77205128	1	0	46	1	0	0	0	1	0	0	44	1	0	0	0	clean_candidate_unphased
chr12	hiphase	11450380	0.9992	7064	6	12110715	12113809	3094	11464606	12124498	2	0	22	2	0	0	0	1	1	0	19	2	0	0	0	clean_candidate_unphased
chr12	hiphase	71300657	0.9958	3556	15	71616281	71619339	3058	71539975	71630159	2	0	38	2	0	0	0	1	1	0	35	0	1	0	0	clean_candidate_unphased
chr12	hiphase	124239115	0.9991	1071	1	124370617	124373142	2525	124239115	124387741	0	0	41	0	0	0	0	0	0	0	41	0	0	0	0	catalog_site_not_candidate
chr12	hiphase	69160230	1.0	2056	0	69436659	69439105	2446	69160230	69448254	0	0	28	0	0	0	0	0	0	0	28	0	0	0	0	catalog_site_not_candidate
chr12	hiphase	49829339	0.9985	7551	11	50606612	50609042	2430	49983466	50621186	0	0	15	1	0	0	0	0	0	2	15	0	0	0	0	repeat_indels_excluded
chr12	hiphase	127290267	0.9993	1489	1	127600479	127602297	1818	127290267	127606276	1	1	28	1	0	0	1	0	0	3	25	1	2	0	0	repeat_indels_excluded
chr12	hiphase	132175918	0.9952	2900	14	132257748	132259418	1670	132242723	132269706	1	1	57	2	0	0	1	0	1	1	53	3	0	0	0	clean_candidate_unphased
chr12	hiphase	7381521	0.9972	7405	21	8268190	8269826	1636	8251459	8286940	0	0	32	1	0	0	0	0	0	1	32	0	0	0	0	repeat_indels_excluded
chr12	hiphase	123744174	0.9944	1954	11	124071724	124073294	1570	123886846	124083042	1	0	16	1	0	0	0	0	0	2	15	0	0	0	0	repeat_indels_excluded
chr12	hiphase	84776720	0.9972	704	2	84866012	84867541	1529	84823505	84876505	0	0	26	1	0	0	0	0	0	1	23	1	1	0	0	repeat_indels_excluded
chr12	hiphase	98775768	0.9995	6574	3	99562687	99563665	978	98931012	99572908	1	0	13	1	0	0	0	1	0	0	12	0	0	0	0	clean_candidate_unphased
chr12	hiphase	52968185	0.9976	843	2	53105294	53105956	662	52975377	53102495	1	1	10	1	0	0	1	0	0	2	9	0	0	0	0	repeat_indels_excluded
chr12	hiphase	79921894	0.9917	3247	27	80291691	80291981	290	80036228	80300592	0	0	1	0	0	0	0	0	0	0	1	0	0	0	0	catalog_site_not_candidate
chr12	hiphase	132175918	0.9952	2900	14	132229817	132229965	148	132175917	132242723	0	0	5	0	0	0	0	0	0	0	5	0	0	0	0	catalog_site_not_candidate
chr12	longphase	39098290	0.9941	1537	9	39238087	39300234	62147	39111302	39300234	8	8	631	9	1	3	4	1	1	8	616	3	6	0	0	block_stitching
chr12	longphase	49829339	0.9979	5743	12	49840592	49901233	60641	49829339	49904294	5	5	991	5	2	0	3	2	0	3	903	84	2	0	0	block_stitching
chr12	longphase	122667395	0.9945	729	4	122737235	122795658	58423	122667395	122803362	9	9	757	16	2	2	4	2	0	15	731	10	7	1	0	block_stitching
chr12	longphase	21229205	0.9971	3439	10	21555274	21605811	50537	21520197	21605811	3	3	647	11	1	0	2	2	0	11	620	19	1	0	0	block_stitching
chr12	longphase	113883045	0.9982	5656	10	113944129	113992649	48520	113883045	113976310	10	12	917	14	2	0	3	2	1	12	757	138	7	13	11	block_stitching
chr12	longphase	47157890	0.9974	3404	9	47636066	47683118	47052	47558144	47689100	3	3	518	5	1	0	1	1	0	4	483	35	0	0	0	block_stitching
chr12	longphase	21229205	0.9971	3439	10	21473633	21520197	46564	21297420	21520197	3	3	619	4	0	0	3	2	0	2	591	22	3	0	0	clean_candidate_unphased
chr12	longphase	44471515	0.9968	3094	10	44498878	44543246	44368	44471515	44543246	3	4	559	5	0	0	1	0	0	6	549	1	4	0	0	repeat_indels_excluded
chr12	longphase	56043620	0.9984	640	1	56138364	56180839	42475	56043620	56193604	7	7	411	11	1	0	1	1	0	11	389	4	8	0	0	block_stitching
chr12	longphase	97370965	0.9939	989	6	97378951	97421383	42432	97370965	97425743	6	5	503	12	0	2	3	1	0	12	488	1	7	0	0	clean_candidate_unphased
chr12	longphase	68061404	0.999	3128	3	68421680	68462321	40641	68061404	68462321	3	3	525	10	1	1	1	1	0	10	512	2	4	0	0	block_stitching
chr12	longphase	16935146	0.9948	3875	20	17167993	17208561	40568	16935942	17208561	3	4	544	10	0	0	2	2	0	9	534	0	7	0	0	clean_candidate_unphased
chr12	longphase	2970124	0.9921	505	4	2980405	3020923	40518	2970124	3020923	6	6	579	3	0	0	3	0	0	3	574	2	0	0	0	repeat_indels_excluded
chr12	longphase	131944887	0.998	488	1	131983193	132022841	39648	131955227	132022841	3	3	487	8	0	2	2	0	1	8	474	1	6	0	0	clean_candidate_unphased
chr12	longphase	48779495	0.9987	769	1	48953350	48992923	39573	48779495	48992923	3	4	309	7	0	0	1	0	0	11	294	3	10	0	0	repeat_indels_excluded
chr12	longphase	13166071	0.999	2065	2	13594134	13633697	39563	13166071	13617651	2	1	438	3	1	0	1	1	0	2	393	49	0	0	0	block_stitching
chr12	longphase	55406042	0.9904	1146	11	55494788	55533763	38975	55436166	55516225	6	6	772	5	1	2	4	1	0	5	766	0	1	0	0	block_stitching
chr12	longphase	124689250	0.997	4646	14	125571087	125609135	38048	125388534	125609135	4	6	528	2	0	2	2	0	0	2	520	3	4	0	0	repeat_indels_excluded
chr12	longphase	49829339	0.9979	5743	12	49947042	49982739	35697	49904294	49983466	5	1	396	8	0	0	1	0	0	9	377	10	12	2	0	repeat_indels_excluded
chr12	longphase	29693044	0.9993	1485	1	29694358	29728273	33915	29693043	29735657	2	1	670	1	0	0	1	0	0	1	667	0	4	0	0	repeat_indels_excluded
chr12	longphase	55658302	0.9949	592	3	55689831	55723719	33888	55658302	55730194	3	3	288	4	1	0	1	1	0	4	274	5	11	0	0	block_stitching
chr12	longphase	47157890	0.9974	3404	9	47524269	47558144	33875	47157890	47558144	1	1	386	2	0	1	1	0	0	2	337	49	1	0	0	repeat_indels_excluded
chr12	longphase	130506653	0.9981	4717	9	131021291	131054942	33651	130700747	131055807	3	2	617	2	0	1	1	0	0	2	611	3	1	0	0	repeat_indels_excluded
chr12	longphase	21229205	0.9971	3439	10	21263902	21297420	33518	21229205	21297420	1	1	481	2	0	1	1	0	0	2	409	72	0	1	0	repeat_indels_excluded
chr12	longphase	18245713	0.998	8533	17	20215441	20248831	33390	19714333	20251383	2	2	405	5	0	0	1	0	0	9	358	40	9	0	0	repeat_indels_excluded
chr12	longphase	2569088	1.0	1424	0	2576854	2609646	32792	2569088	2609646	1	1	335	0	0	1	1	0	0	0	332	1	3	0	0	catalog_site_not_candidate
chr12	longphase	73071847	0.9974	7209	19	74633802	74666350	32548	73298968	74666350	7	7	504	6	0	0	1	0	0	9	474	35	6	7	0	repeat_indels_excluded
chr12	longphase	123744174	0.9923	391	3	123774338	123806180	31842	123744174	123822475	3	2	413	7	1	1	2	1	0	6	403	0	6	0	0	block_stitching
chr12	longphase	51758759	0.9942	689	4	51805217	51835817	30600	51758759	51853315	2	1	404	2	1	0	1	1	0	1	393	1	9	0	0	block_stitching
chr12	longphase	111342950	0.9976	4917	12	112149816	112180186	30370	112105860	112188085	3	3	245	7	0	0	2	1	0	6	234	0	5	0	0	clean_candidate_unphased
chr12	longphase	109005512	1.0	2853	0	109658890	109687437	28547	109005512	109689312	5	5	369	6	0	0	2	2	0	4	358	2	4	0	0	clean_candidate_unphased
chr12	longphase	84776720	0.997	669	2	84788243	84816737	28494	84776720	84823505	2	4	388	4	0	0	1	0	0	9	322	67	0	1	0	repeat_indels_excluded
chr12	longphase	45394628	1.0	967	0	45407561	45435615	28054	45394628	45435615	1	1	336	3	0	0	1	0	0	4	279	54	0	0	3	repeat_indels_excluded
chr12	longphase	101532168	0.9994	1722	1	101605481	101633408	27927	101532168	101633408	2	2	399	3	0	0	1	0	0	3	372	27	0	1	0	repeat_indels_excluded
chr12	longphase	123063331	1.0	220	0	123077967	123105894	27927	123064810	123105894	1	1	241	0	0	0	1	0	0	0	231	9	1	0	0	catalog_site_not_candidate
chr12	longphase	129390056	0.9958	1198	5	129490069	129517639	27570	129390056	129521465	1	1	400	2	0	0	1	0	0	2	350	51	1	0	0	repeat_indels_excluded
chr12	longphase	23298149	0.9941	3536	21	23757924	23785124	27200	23256978	23785124	2	2	327	4	0	1	1	1	0	3	298	25	3	0	0	clean_candidate_unphased
chr12	longphase	118853473	0.9941	3582	21	119586878	119613768	26890	118853473	119613768	2	2	344	4	0	1	1	0	0	5	292	50	1	0	0	repeat_indels_excluded
chr12	longphase	61156279	0.9958	1435	6	61172711	61198989	26278	61156279	61207164	4	3	442	6	0	0	1	2	0	6	416	25	0	1	0	clean_candidate_unphased
chr12	longphase	25676727	0.9915	4347	37	26132858	26158668	25810	26016903	26158668	0	0	311	0	0	0	0	0	0	0	309	0	2	0	0	catalog_site_not_candidate
chr12	longphase	81092816	1.0	964	0	81101421	81127126	25705	81092816	81127402	0	0	367	0	0	0	0	0	0	0	366	0	1	0	0	catalog_site_not_candidate
chr12	longphase	23298149	0.9941	3536	21	23833971	23858836	24865	23785124	23858836	4	2	385	4	0	0	0	0	0	5	378	10	1	2	0	repeat_indels_excluded
chr12	longphase	124689250	0.997	4646	14	125364026	125388534	24508	125064983	125388534	0	0	291	0	0	0	0	0	0	0	274	17	0	0	0	catalog_site_not_candidate
chr12	longphase	81513844	0.9994	5264	3	81956288	81980667	24379	81513844	81980667	0	0	300	0	0	0	0	0	0	0	298	1	1	0	0	catalog_site_not_candidate
chr12	longphase	56289189	0.9927	1232	9	56338270	56362234	23964	56293152	56365135	5	4	232	10	0	0	1	0	0	12	212	4	10	0	0	repeat_indels_excluded
chr12	longphase	112802342	0.9946	2948	16	113354298	113378104	23806	112802342	113378104	3	3	333	8	0	0	1	1	0	9	315	6	8	1	0	clean_candidate_unphased
chr12	longphase	120369904	0.9995	3664	2	121256761	121280056	23295	120377082	121280056	3	3	333	3	0	1	1	0	0	3	327	1	3	0	0	repeat_indels_excluded
chr12	longphase	51758759	0.9942	689	4	51902847	51926107	23260	51853315	51926107	1	1	231	3	0	0	0	0	0	4	227	0	2	0	0	repeat_indels_excluded
chr12	longphase	86360625	0.9942	344	2	86373106	86396039	22933	86360625	86396039	7	7	301	5	0	0	2	1	0	5	287	11	3	9	0	clean_candidate_unphased
chr12	longphase	17820861	0.9983	1777	3	17828771	17851500	22729	17809308	17851500	0	1	322	3	0	0	0	0	0	3	302	20	2	0	0	repeat_indels_excluded
chr12	longphase	95822767	0.9985	4137	6	96381641	96403552	21911	95813559	96403552	0	0	281	2	0	0	0	0	0	3	249	32	0	1	0	repeat_indels_excluded
chr12	longphase	16935146	0.9948	3875	20	17611859	17633563	21704	17208561	17645134	4	3	409	1	0	0	1	0	0	1	321	89	0	0	8	repeat_indels_excluded
chr12	longphase	516773	0.9993	5805	4	1582019	1603397	21378	859855	1612109	2	1	336	2	0	0	0	0	0	3	327	9	0	1	0	repeat_indels_excluded
chr12	longphase	21229205	0.9971	3439	10	21662343	21683588	21245	21661964	21683586	0	0	252	2	1	0	0	0	0	2	248	0	2	0	0	block_stitching
chr12	longphase	74908459	0.9989	3687	4	75204598	75225703	21105	75173819	75232062	3	3	218	1	0	1	2	0	0	1	216	1	0	0	0	repeat_indels_excluded
chr12	longphase	74908459	0.9989	3687	4	75148081	75169039	20958	74920741	75173819	0	0	246	1	0	0	0	0	0	1	214	34	0	1	0	repeat_indels_excluded
chr12	longphase	8286837	0.9947	3000	16	8381294	8402164	20870	8286940	8404941	1	1	422	2	0	0	0	0	0	2	355	64	4	0	0	repeat_indels_excluded
chr12	longphase	43843417	0.9958	1901	8	43874898	43895653	20755	43843417	43908809	1	1	275	3	0	0	1	0	0	3	272	0	1	0	0	repeat_indels_excluded
chr12	longphase	113883045	0.9982	5656	10	114889774	114910453	20679	114571923	114924471	0	0	290	1	0	0	0	0	0	1	255	34	0	1	0	repeat_indels_excluded
chr12	longphase	57871670	0.9958	3608	15	57925210	57945851	20641	57875794	57949476	2	2	258	2	0	0	0	0	0	5	254	2	0	0	0	repeat_indels_excluded
chr12	longphase	43843417	0.9958	1901	8	43945661	43966295	20634	43908809	43975492	0	0	229	2	0	0	0	0	0	2	227	0	0	0	0	repeat_indels_excluded
chr12	longphase	73071847	0.9974	7209	19	73276082	73296481	20399	73102619	73298968	1	1	287	1	0	0	0	0	0	1	263	25	0	0	0	repeat_indels_excluded
chr12	longphase	107617590	0.9953	632	3	107624124	107643866	19742	107617590	107653833	2	2	228	3	0	0	0	0	0	5	217	8	2	0	0	repeat_indels_excluded
chr12	longphase	40493795	0.999	1022	1	40555554	40574501	18947	40493795	40574501	1	1	257	1	0	0	0	0	0	1	227	30	0	1	0	repeat_indels_excluded
chr12	longphase	14548492	0.9939	330	2	14574410	14593041	18631	14548492	14593040	0	0	317	3	1	0	0	0	0	3	267	45	1	0	0	block_stitching
chr12	longphase	72401267	0.9994	1792	1	72702954	72721435	18481	72401267	72733778	0	0	231	0	0	0	0	0	0	0	227	3	3	0	0	catalog_site_not_candidate
chr12	longphase	115655167	0.9993	8416	6	116552026	116570310	18284	115655282	116574596	1	2	266	3	0	0	0	0	0	3	260	4	6	0	0	repeat_indels_excluded
chr12	longphase	98775768	0.9995	6555	3	98899411	98917671	18260	98775768	98931012	1	1	190	1	0	1	1	0	0	1	187	2	0	0	0	repeat_indels_excluded
chr12	longphase	124689250	0.997	4646	14	124796413	124814425	18012	124613904	124831165	1	1	278	1	0	0	0	0	0	1	254	24	0	0	0	repeat_indels_excluded
chr12	longphase	115655167	0.9993	8416	6	117080027	117098025	17998	116574596	117106425	0	0	278	2	0	0	0	0	0	2	255	19	2	0	0	repeat_indels_excluded
chr12	longphase	23298149	0.9941	3536	21	24007406	24025010	17604	23992113	24036248	3	1	268	3	1	0	1	2	0	1	239	27	0	0	0	block_stitching
chr12	longphase	24071938	0.9993	4242	3	24106886	24124230	17344	24080947	24129119	0	0	251	0	0	0	0	0	0	0	247	3	1	0	0	catalog_site_not_candidate
chr12	longphase	26722053	0.9994	4767	3	27291687	27308951	17264	26722053	27308951	4	3	203	3	0	0	0	0	0	4	179	20	5	1	0	repeat_indels_excluded
chr12	longphase	82921558	0.9967	609	2	82982632	82999465	16833	82921558	82999465	1	0	302	3	0	0	0	0	0	4	296	3	1	0	0	repeat_indels_excluded
chr12	longphase	113883045	0.9982	5656	10	114549268	114566057	16789	113976310	114571923	3	3	299	4	0	0	2	2	0	2	293	0	1	0	0	clean_candidate_unphased
chr12	longphase	516773	0.9993	5805	4	833447	850059	16612	776600	859855	1	0	188	1	0	0	0	0	0	1	185	3	1	0	0	repeat_indels_excluded
chr12	longphase	42262833	0.9996	2650	1	42668404	42684873	16469	42262833	42686879	1	1	275	1	0	0	0	0	0	2	229	48	1	1	0	repeat_indels_excluded
chr12	longphase	101339241	1.0	566	0	101406042	101422137	16095	101339241	101423341	46	37	250	3	0	0	30	0	0	3	113	0	0	0	134	repeat_indels_excluded
chr12	longphase	105192783	0.9979	1400	3	105447846	105463762	15916	105192783	105475046	0	0	196	2	0	0	0	0	0	2	172	22	0	0	0	repeat_indels_excluded
chr12	longphase	22310323	0.9995	1966	1	22429778	22445431	15653	22321325	22454608	4	2	167	5	0	0	0	0	0	6	162	1	0	0	0	repeat_indels_excluded
chr12	longphase	516773	0.9993	5805	4	756080	771534	15454	516773	776600	1	1	176	1	0	0	0	0	0	1	174	0	1	0	0	repeat_indels_excluded
chr12	longphase	97600354	0.9972	5008	14	98354085	98369322	15237	97600354	98378528	1	1	193	2	0	0	0	0	0	2	164	29	0	0	0	repeat_indels_excluded
chr12	longphase	23298149	0.9941	3536	21	23976939	23992113	15174	23858836	23992113	2	3	200	5	0	0	0	0	0	7	179	20	1	1	0	repeat_indels_excluded
chr12	longphase	11464606	0.9987	6951	9	12188747	12203352	14605	12124498	12203352	0	0	247	1	0	0	0	0	0	1	222	18	7	1	0	repeat_indels_excluded
chr12	longphase	133010686	0.9943	175	1	133017624	133032024	14400	133012499	133032024	0	0	415	5	0	0	0	0	0	6	404	3	3	0	0	repeat_indels_excluded
chr12	longphase	21229205	0.9971	3439	10	21647582	21661964	14382	21605811	21661964	0	0	133	1	0	0	0	0	0	1	131	1	1	0	0	repeat_indels_excluded
chr12	longphase	7381521	0.9966	3582	12	8169830	8183801	13971	7969637	8183789	2	1	221	3	1	0	0	0	0	3	215	2	1	0	0	block_stitching
chr12	longphase	7381521	0.9966	3582	12	7952408	7965829	13421	7381521	7969637	0	1	246	1	0	0	0	0	0	1	209	37	2	1	1	repeat_indels_excluded
chr12	longphase	25676727	0.9915	4347	37	25996808	26010220	13412	25676727	26016903	3	3	149	2	0	0	0	0	0	2	147	6	0	1	0	repeat_indels_excluded
chr12	longphase	111342950	0.9976	4917	12	112422574	112435938	13364	112409766	112445513	0	0	104	2	0	0	0	0	0	2	99	1	2	0	0	repeat_indels_excluded
chr12	longphase	8286837	0.9947	3000	16	8688810	8701999	13189	8404941	8701984	3	2	179	6	2	0	1	2	0	4	169	6	4	0	0	block_stitching
chr12	longphase	7381521	0.9966	3582	12	8235470	8248466	12996	8183789	8251459	24	23	324	0	0	0	19	0	0	0	250	0	0	14	60	catalog_site_not_candidate
chr12	longphase	11464606	0.9987	6951	9	12817103	12829502	12399	12569852	12840984	3	4	173	8	1	0	0	3	0	8	162	3	3	1	0	block_stitching
chr12	longphase	15984808	0.9969	1596	5	16213193	16225083	11890	15984808	16225083	1	1	165	0	0	0	0	0	0	0	159	7	0	0	0	catalog_site_not_candidate
chr12	longphase	111342950	0.9976	4917	12	112078615	112090471	11856	111342950	112105860	2	1	99	6	0	0	0	0	0	8	92	0	1	0	0	repeat_indels_excluded
chr12	longphase	94509663	0.9996	5448	2	94671884	94683651	11767	94509663	94683651	0	0	245	1	0	0	0	0	0	1	234	9	1	0	0	repeat_indels_excluded
chr12	longphase	97600354	0.9972	5008	14	98564272	98575654	11382	98378528	98591573	0	0	148	0	0	0	0	0	0	0	139	7	2	0	0	catalog_site_not_candidate
chr12	longphase	103465161	0.9996	5465	2	103668153	103679217	11064	103465161	103691597	0	0	124	1	0	0	0	0	0	1	122	0	2	0	0	repeat_indels_excluded
chr12	longphase	20361685	0.9987	3137	4	20467267	20478312	11045	20370624	20481712	15	15	124	15	0	0	11	11	0	4	108	0	2	0	0	clean_candidate_unphased
chr12	longphase	14650919	0.9941	2728	16	15197217	15208103	10886	14650919	15208103	0	0	100	2	0	0	0	0	0	3	99	0	0	0	0	repeat_indels_excluded
chr12	longphase	11464606	0.9987	6951	9	12542779	12553491	10712	12203352	12569852	1	1	145	1	0	0	1	0	0	1	143	0	2	0	0	repeat_indels_excluded
chr12	longphase	88131947	0.9982	2271	4	88367325	88378031	10706	88123461	88391655	1	1	129	1	0	0	0	0	0	1	126	2	2	0	0	repeat_indels_excluded
chr12	longphase	62813954	0.9989	4393	5	63161300	63171996	10696	62814727	63183980	0	0	154	0	0	0	0	0	0	0	150	1	3	0	0	catalog_site_not_candidate
chr12	longphase	92258326	0.9998	4161	1	93060627	93071066	10439	92264984	93071066	0	0	125	1	0	0	0	0	1	0	103	22	1	0	0	clean_candidate_unphased
chr12	longphase	128609041	0.9993	2906	2	128718146	128728429	10283	128607741	128733401	0	0	137	0	0	0	0	0	0	0	127	10	0	0	0	catalog_site_not_candidate
chr12	longphase	11464606	0.9987	6951	9	13022146	13032022	9876	12840984	13039039	2	2	96	2	0	0	0	0	0	2	94	2	0	0	0	repeat_indels_excluded
chr12	longphase	54852481	0.9982	2217	4	55255646	55265307	9661	54858055	55275151	2	1	123	2	0	0	0	1	0	1	121	0	0	0	0	clean_candidate_unphased
chr12	longphase	54852481	0.9982	2217	4	55292885	55302341	9456	55275151	55302341	1	0	161	0	0	0	0	0	0	0	155	8	0	0	0	catalog_site_not_candidate
chr12	longphase	42866618	0.9944	898	5	42893285	42902689	9404	42874413	42910889	0	0	105	0	0	0	0	0	0	0	84	21	0	0	0	catalog_site_not_candidate
chr12	longphase	109729029	0.999	4791	5	109759813	109768820	9007	109752500	109783249	0	0	106	0	0	0	0	0	0	0	105	0	1	0	0	catalog_site_not_candidate
chr12	longphase	111342950	0.9976	4917	12	112393035	112401769	8734	112188085	112409766	0	0	53	1	0	0	0	0	0	1	51	0	1	0	0	repeat_indels_excluded
chr12	longphase	9223202	0.9976	420	1	9257335	9265968	8633	9223202	9267129	1	0	137	0	0	0	0	0	0	0	136	0	1	0	0	catalog_site_not_candidate
chr12	longphase	4942049	1.0	2139	0	5411034	5419503	8469	4942049	5430202	0	0	105	0	0	0	0	0	0	0	102	2	1	0	0	catalog_site_not_candidate
chr12	longphase	84967107	0.9998	5085	1	85829276	85837682	8406	84964778	85841907	0	0	148	1	0	0	0	0	0	1	98	50	1	0	0	repeat_indels_excluded
chr12	longphase	3115178	0.9971	2743	8	3529912	3538260	8348	3115178	3538259	0	0	80	1	1	0	0	0	0	1	78	0	1	0	0	block_stitching
chr12	longphase	88744635	0.9994	1600	1	88964514	88972521	8007	88750349	88977373	4	2	76	3	0	0	0	0	0	4	72	2	1	0	0	repeat_indels_excluded
chr12	longphase	65929643	0.9993	4040	3	66184270	66192199	7929	65978346	66197743	0	0	86	2	0	0	0	0	0	2	83	1	1	0	0	repeat_indels_excluded
chr12	longphase	2059247	0.9946	747	4	2138782	2146703	7921	2059247	2156222	0	0	89	0	0	0	0	0	0	0	89	0	0	0	0	catalog_site_not_candidate
chr12	longphase	80698761	1.0	1209	0	80779184	80786946	7762	80698761	80786946	3	3	82	2	0	0	1	0	0	2	73	12	1	1	0	repeat_indels_excluded
chr12	longphase	77378059	0.991	999	9	77493304	77500759	7455	77378059	77512968	0	0	87	1	0	0	0	0	1	0	86	0	1	0	0	clean_candidate_unphased
chr12	longphase	113883045	0.9982	5656	10	115296174	115303511	7337	114924471	115321090	2	2	137	5	0	0	0	0	0	6	125	2	7	0	0	repeat_indels_excluded
chr12	longphase	20361685	0.9987	3137	4	20565323	20571820	6497	20481712	20588454	1	1	100	1	0	0	0	0	0	1	99	0	1	0	0	repeat_indels_excluded
chr12	longphase	56978140	0.9987	2341	3	57234172	57239693	5521	56978140	57250645	1	0	32	0	0	0	0	0	0	0	28	4	0	0	0	catalog_site_not_candidate
chr12	longphase	124689250	0.997	4646	14	125060000	125064983	4983	124831165	125064983	1	1	86	3	0	0	0	0	0	3	61	19	3	0	0	repeat_indels_excluded
chr12	longphase	126568848	0.9987	1499	2	126838941	126843370	4429	126568848	126844939	61	1	574	0	0	0	1	0	0	0	484	0	0	2	88	catalog_site_not_candidate
chr12	longphase	115655167	0.9993	8416	6	117389379	117393665	4286	117106425	117404271	0	0	39	0	0	0	0	0	0	0	37	1	1	0	0	catalog_site_not_candidate
chr12	longphase	11464606	0.9987	6951	9	12110715	12113809	3094	11464606	12124498	2	0	22	2	0	0	0	1	1	0	19	2	0	0	0	clean_candidate_unphased
chr12	longphase	71538332	1.0	644	0	71616281	71619339	3058	71539975	71630159	2	0	38	2	0	0	0	1	1	0	35	0	1	0	0	clean_candidate_unphased
chr12	longphase	129844272	0.9985	1942	3	129864432	129867256	2824	129843737	129862785	2	2	59	1	0	0	0	0	0	3	48	10	0	0	0	repeat_indels_excluded
chr12	longphase	124239115	0.9991	1070	1	124370617	124373142	2525	124239115	124387741	0	0	41	0	0	0	0	0	0	0	41	0	0	0	0	catalog_site_not_candidate
chr12	longphase	69160230	1.0	2053	0	69436659	69439105	2446	69160230	69448254	0	0	28	0	0	0	0	0	0	0	28	0	0	0	0	catalog_site_not_candidate
chr12	longphase	49829339	0.9979	5743	12	50606612	50609042	2430	49983466	50621186	0	0	15	1	0	0	0	0	0	2	15	0	0	0	0	repeat_indels_excluded
chr12	longphase	18245713	0.998	8533	17	19703065	19705284	2219	18245667	19714333	2	1	41	1	0	0	0	1	0	0	38	3	0	0	0	clean_candidate_unphased
chr12	longphase	127290267	0.9993	1489	1	127600479	127602297	1818	127290267	127606276	1	1	28	1	0	0	0	0	0	3	25	1	2	0	0	repeat_indels_excluded
chr12	longphase	132181339	1.0	1522	0	132257748	132259418	1670	132242723	132269706	1	1	57	2	0	0	0	0	1	1	53	3	0	0	0	clean_candidate_unphased
chr12	longphase	123863817	0.9959	1454	6	124071724	124073294	1570	123886846	124083042	1	0	16	1	0	0	0	0	0	2	15	0	0	0	0	repeat_indels_excluded
chr12	longphase	84776720	0.997	669	2	84866012	84867541	1529	84823505	84876505	0	0	26	1	0	0	0	0	0	1	23	1	1	0	0	repeat_indels_excluded
chr12	longphase	98775768	0.9995	6555	3	99562687	99563665	978	98931012	99572908	1	0	13	1	0	0	0	1	0	0	12	0	0	0	0	clean_candidate_unphased
chr12	longphase	52975377	0.9975	810	2	53105294	53105956	662	52975377	53102495	1	1	10	1	0	0	0	0	0	2	9	0	0	0	0	repeat_indels_excluded
chr12	longphase	80036300	0.9958	2834	12	80291691	80291981	290	80036228	80300592	0	0	1	0	0	0	0	0	0	0	1	0	0	0	0	catalog_site_not_candidate
chr12	longphase	132181339	1.0	1522	0	132229817	132229965	148	132175917	132242723	0	0	5	0	0	0	0	0	0	0	5	0	0	0	0	catalog_site_not_candidate
chr12	whatshap	62813954	0.9988	5148	6	63758735	63866834	108099	63183980	63878915	27	27	1156	33	3	1	26	8	1	28	1102	12	14	0	0	block_stitching
chr12	whatshap	68061404	0.9959	4668	19	68757844	68841697	83853	68462321	68808608	7	6	1064	18	4	0	6	3	1	16	1028	7	13	0	0	block_stitching
chr12	whatshap	87227486	0.9946	6164	33	87661162	87735057	73895	87262488	87757052	11	11	1005	21	4	1	10	5	1	16	975	8	7	2	0	block_stitching
chr12	whatshap	94509663	0.9984	9735	16	95750003	95822767	72764	94683651	95813559	10	12	827	19	2	0	10	2	0	20	759	51	12	1	0	block_stitching
chr12	whatshap	49829339	0.9984	7481	12	49840592	49901233	60641	49829339	49904294	5	5	991	5	2	0	4	2	0	3	903	84	2	0	0	block_stitching
chr12	whatshap	122589654	0.9917	966	8	122737235	122795658	58423	122667395	122803362	9	9	757	16	2	2	9	2	0	15	731	10	7	1	0	block_stitching
chr12	whatshap	48706770	0.9959	4097	17	48721752	48779495	57743	48710950	48779495	5	7	624	19	1	0	6	1	0	22	576	24	9	0	0	block_stitching
chr12	whatshap	21226317	1.0	3462	0	21555274	21605811	50537	21520197	21605811	3	3	647	11	1	0	3	2	0	11	620	19	1	0	0	block_stitching
chr12	whatshap	113877375	0.996	6801	27	115324804	115374567	49763	115321090	115390318	3	3	780	9	2	0	3	2	0	8	745	13	17	0	1	block_stitching
chr12	whatshap	113877375	0.996	6801	27	113944129	113992649	48520	113883045	113976310	10	12	917	14	2	0	6	2	1	12	757	138	7	13	11	block_stitching
chr12	whatshap	26656660	0.997	5033	15	26664531	26712777	48246	26657598	26722053	9	8	584	9	0	0	6	0	0	10	553	21	3	0	0	repeat_indels_excluded
chr12	whatshap	21226317	1.0	3462	0	21473633	21520197	46564	21297420	21520197	3	3	619	4	0	0	3	2	0	2	591	22	3	0	0	clean_candidate_unphased
chr12	whatshap	44471515	0.9972	3952	11	44498878	44543246	44368	44471515	44543246	3	4	559	5	0	0	3	0	0	6	549	1	4	0	0	repeat_indels_excluded
chr12	whatshap	516773	0.9953	6213	29	1861231	1905447	44216	1612109	1905447	2	2	593	2	1	0	2	1	0	1	588	3	1	0	0	block_stitching
chr12	whatshap	97370965	0.997	984	3	97378951	97421383	42432	97370965	97425743	6	5	503	12	0	2	5	1	0	12	488	1	7	0	0	clean_candidate_unphased
chr12	whatshap	128607742	0.9983	4224	7	129345515	129386314	40799	128733401	129390056	2	1	635	3	1	0	1	1	0	2	609	25	0	1	0	block_stitching
chr12	whatshap	68061404	0.9959	4668	19	68421680	68462321	40641	68061404	68462321	3	3	525	10	1	1	2	1	0	10	512	2	4	0	0	block_stitching
chr12	whatshap	41912119	0.9956	4054	18	42182585	42222250	39665	42146984	42232108	3	3	655	5	0	0	3	0	0	7	643	4	4	0	0	repeat_indels_excluded
chr12	whatshap	131894154	0.9952	624	3	131983193	132022841	39648	131955227	132022841	3	3	487	8	0	2	3	0	1	8	474	1	6	0	0	clean_candidate_unphased
chr12	whatshap	48706770	0.9959	4097	17	48953350	48992923	39573	48779495	48992923	3	4	309	7	0	0	3	0	0	11	294	3	10	0	0	repeat_indels_excluded
chr12	whatshap	13166071	1.0	2053	0	13594134	13633697	39563	13166071	13617651	2	1	438	3	1	0	1	1	0	2	393	49	0	0	0	block_stitching
chr12	whatshap	55378381	0.9929	1260	9	55494788	55533763	38975	55436166	55516225	6	6	772	5	1	2	6	1	0	5	766	0	1	0	0	block_stitching
chr12	whatshap	55378381	0.9929	1260	9	55389184	55427864	38680	55378381	55436166	5	5	583	7	1	1	3	1	0	7	509	69	0	0	0	block_stitching
chr12	whatshap	124572917	0.9935	5728	37	125571087	125609135	38048	125388534	125609135	4	6	528	2	0	2	5	0	0	2	520	3	4	0	0	repeat_indels_excluded
chr12	whatshap	14548492	0.9927	3146	23	14614161	14650919	36758	14593040	14650919	2	1	521	5	0	0	1	1	0	4	468	47	3	0	0	clean_candidate_unphased
chr12	whatshap	124572917	0.9935	5728	37	125879755	125915690	35935	125609135	125920680	3	4	470	3	0	0	3	0	0	4	452	14	2	0	0	repeat_indels_excluded
chr12	whatshap	43783842	0.9947	2276	12	43806602	43842492	35890	43783841	43843417	4	4	528	9	1	0	4	0	1	9	513	3	5	0	0	block_stitching
chr12	whatshap	49829339	0.9984	7481	12	49947042	49982739	35697	49904294	49983466	5	1	396	8	0	0	1	0	0	9	377	10	12	2	0	repeat_indels_excluded
chr12	whatshap	86729978	0.9917	844	7	86830053	86865523	35470	86791672	86855534	4	3	579	8	1	0	3	1	0	8	569	1	3	0	0	block_stitching
chr12	whatshap	29693044	1.0	1497	0	29694358	29728273	33915	29693043	29735657	2	1	670	1	0	0	1	0	0	1	667	0	4	0	0	repeat_indels_excluded
chr12	whatshap	44471515	0.9972	3952	11	45121638	45155523	33885	44543246	45155523	5	4	414	4	0	0	4	0	0	4	406	2	3	0	0	repeat_indels_excluded
chr12	whatshap	130506653	0.9985	4589	7	131021291	131054942	33651	130700747	131055807	3	2	617	2	0	1	2	0	0	2	611	3	1	0	0	repeat_indels_excluded
chr12	whatshap	21226317	1.0	3462	0	21263902	21297420	33518	21229205	21297420	1	1	481	2	0	1	1	0	0	2	409	72	0	1	0	repeat_indels_excluded
chr12	whatshap	18245713	0.997	8745	26	20215441	20248831	33390	19714333	20251383	2	2	405	5	0	0	1	0	0	9	358	40	9	0	0	repeat_indels_excluded
chr12	whatshap	8248466	0.9953	3822	18	8993812	9026863	33051	8701984	9032347	2	2	377	3	1	0	2	1	0	2	373	1	0	0	0	block_stitching
chr12	whatshap	3937361	0.9957	1852	8	4327635	4360209	32574	3937361	4360209	2	2	462	6	0	0	2	0	0	6	452	1	6	0	0	repeat_indels_excluded
chr12	whatshap	41912119	0.9956	4054	18	42114546	42146984	32438	41912119	42146984	3	3	415	5	0	0	2	0	0	6	407	4	3	0	0	repeat_indels_excluded
chr12	whatshap	18245713	0.997	8745	26	20273586	20305124	31538	20251383	20305124	2	2	460	4	0	0	1	0	0	4	449	7	0	0	0	repeat_indels_excluded
chr12	whatshap	22787334	0.9995	1966	1	23079903	23110923	31020	22787334	23121221	2	1	295	2	0	0	1	0	0	3	289	3	2	0	0	repeat_indels_excluded
chr12	whatshap	51758759	0.9957	691	3	51805217	51835817	30600	51758759	51853315	2	1	404	2	1	0	1	1	0	1	393	1	9	0	0	block_stitching
chr12	whatshap	44471515	0.9972	3952	11	45166366	45196016	29650	45155523	45196016	1	1	376	5	0	0	1	0	0	8	367	1	4	0	0	repeat_indels_excluded
chr12	whatshap	109005512	1.0	2858	0	109658890	109687437	28547	109005512	109689312	5	5	369	6	0	0	5	2	0	4	358	2	4	0	0	clean_candidate_unphased
chr12	whatshap	101530595	0.996	1729	7	101605481	101633408	27927	101532168	101633408	2	2	399	3	0	0	1	0	0	3	372	27	0	1	0	repeat_indels_excluded
chr12	whatshap	128607742	0.9983	4224	7	129490069	129517639	27570	129390056	129521465	1	1	400	2	0	0	1	0	0	2	350	51	1	0	0	repeat_indels_excluded
chr12	whatshap	23298149	0.996	3504	14	23757924	23785124	27200	23256978	23785124	2	2	327	4	0	1	2	1	0	3	298	25	3	0	0	clean_candidate_unphased
chr12	whatshap	41912119	0.9956	4054	18	42236067	42262833	26766	42232108	42262833	4	4	332	5	0	0	4	0	0	7	322	0	5	0	0	repeat_indels_excluded
chr12	whatshap	124572917	0.9935	5728	37	125928910	125955433	26523	125920680	125955433	6	5	414	9	0	0	3	1	0	14	399	3	10	0	1	clean_candidate_unphased
chr12	whatshap	56621636	1.0	3782	0	56951919	56978140	26221	56625505	56978140	2	2	234	3	0	0	2	0	0	3	228	2	2	0	0	repeat_indels_excluded
chr12	whatshap	86729978	0.9917	844	7	86765932	86791672	25740	86745735	86791672	1	1	317	2	0	0	1	0	0	2	314	0	1	0	0	repeat_indels_excluded
chr12	whatshap	81092816	1.0	958	0	81101421	81127126	25705	81092816	81127402	0	0	367	0	0	0	0	0	0	0	366	0	1	0	0	catalog_site_not_candidate
chr12	whatshap	23298149	0.996	3504	14	23833971	23858836	24865	23785124	23858836	4	2	385	4	0	0	0	0	0	5	378	10	1	2	0	repeat_indels_excluded
chr12	whatshap	79152628	0.9933	596	4	79243920	79268544	24624	79152628	79270100	1	1	285	3	0	0	1	0	0	4	255	26	2	0	0	repeat_indels_excluded
chr12	whatshap	124572917	0.9935	5728	37	125364026	125388534	24508	125064983	125388534	0	0	291	0	0	0	0	0	0	0	274	17	0	0	0	catalog_site_not_candidate
chr12	whatshap	107884588	0.9911	4626	41	108939730	108963909	24179	107884588	108963909	1	1	361	2	0	0	1	0	0	4	356	2	1	0	0	repeat_indels_excluded
chr12	whatshap	131894154	0.9952	624	3	131920889	131944887	23998	131907627	131955227	2	1	309	7	0	0	1	0	0	9	299	1	5	0	0	repeat_indels_excluded
chr12	whatshap	56226866	0.9986	1435	2	56338270	56362234	23964	56293152	56365135	5	4	232	10	0	0	4	0	0	12	212	4	10	0	0	repeat_indels_excluded
chr12	whatshap	112802342	0.9948	3834	20	113354298	113378104	23806	112802342	113378104	3	3	333	8	0	0	2	1	0	9	315	6	8	1	0	clean_candidate_unphased
chr12	whatshap	120369904	1.0	3640	0	121256761	121280056	23295	120377082	121280056	3	3	333	3	0	1	3	0	0	3	327	1	3	0	0	repeat_indels_excluded
chr12	whatshap	51758759	0.9957	691	3	51902847	51926107	23260	51853315	51926107	1	1	231	3	0	0	1	0	0	4	227	0	2	0	0	repeat_indels_excluded
chr12	whatshap	112802342	0.9948	3834	20	113600698	113623816	23118	113378104	113623816	3	3	347	3	0	0	2	0	0	4	340	6	1	0	1	repeat_indels_excluded
chr12	whatshap	2015747	0.9967	910	3	2030274	2052322	22048	2014545	2059247	0	0	299	1	0	0	0	0	0	2	295	0	4	0	0	repeat_indels_excluded
chr12	whatshap	94509663	0.9984	9735	16	96381641	96403552	21911	95813559	96403552	0	0	281	2	0	0	0	0	0	3	249	32	0	1	0	repeat_indels_excluded
chr12	whatshap	64010101	0.9908	1515	14	64080957	64102459	21502	64070387	64110030	1	0	218	0	0	0	0	0	0	0	218	0	0	0	0	catalog_site_not_candidate
chr12	whatshap	516773	0.9953	6213	29	1582019	1603397	21378	859855	1612109	2	1	336	2	0	0	0	0	0	3	327	9	0	1	0	repeat_indels_excluded
chr12	whatshap	48706770	0.9959	4097	17	48997884	49019258	21374	48992923	49031669	1	1	158	2	0	0	1	0	0	3	153	1	2	0	0	repeat_indels_excluded
chr12	whatshap	21226317	1.0	3462	0	21662343	21683588	21245	21661964	21683586	0	0	252	2	1	0	0	0	0	2	248	0	2	0	0	block_stitching
chr12	whatshap	74876286	0.999	3855	4	75204598	75225703	21105	75173819	75232062	3	3	218	1	0	1	3	0	0	1	216	1	0	0	0	repeat_indels_excluded
chr12	whatshap	74876286	0.999	3855	4	75148081	75169039	20958	74920741	75173819	0	0	246	1	0	0	0	0	0	1	214	34	0	1	0	repeat_indels_excluded
chr12	whatshap	8248466	0.9953	3822	18	8381294	8402164	20870	8286940	8404941	1	1	422	2	0	0	1	0	0	2	355	64	4	0	0	repeat_indels_excluded
chr12	whatshap	43783842	0.9947	2276	12	43874898	43895653	20755	43843417	43908809	1	1	275	3	0	0	1	0	0	3	272	0	1	0	0	repeat_indels_excluded
chr12	whatshap	113877375	0.996	6801	27	114889774	114910453	20679	114571923	114924471	0	0	290	1	0	0	0	0	0	1	255	34	0	1	0	repeat_indels_excluded
chr12	whatshap	57871670	0.9967	3604	12	57925210	57945851	20641	57875794	57949476	2	2	258	2	0	0	0	0	0	5	254	2	0	0	0	repeat_indels_excluded
chr12	whatshap	43783842	0.9947	2276	12	43945661	43966295	20634	43908809	43975492	0	0	229	2	0	0	0	0	0	2	227	0	0	0	0	repeat_indels_excluded
chr12	whatshap	87227486	0.9946	6164	33	87242489	87262488	19999	87227486	87262488	1	0	292	5	0	0	0	0	0	6	287	0	1	0	0	repeat_indels_excluded
chr12	whatshap	87227486	0.9946	6164	33	88103483	88123462	19979	87757052	88123461	0	0	203	2	0	0	0	0	0	4	200	1	1	0	0	repeat_indels_excluded
chr12	whatshap	107617590	0.9984	625	1	107624124	107643866	19742	107617590	107653833	2	2	228	3	0	0	0	0	0	5	217	8	2	0	0	repeat_indels_excluded
chr12	whatshap	64010101	0.9908	1515	14	64050910	64070387	19477	64013748	64070387	0	1	211	4	0	0	1	0	0	4	207	1	2	0	0	repeat_indels_excluded
chr12	whatshap	40493795	1.0	1021	0	40555554	40574501	18947	40493795	40574501	1	1	257	1	0	0	0	0	0	1	227	30	0	1	0	repeat_indels_excluded
chr12	whatshap	14548492	0.9927	3146	23	14574410	14593041	18631	14548492	14593040	0	0	317	3	1	0	0	0	0	3	267	45	1	0	0	block_stitching
chr12	whatshap	72401267	1.0	1784	0	72702954	72721435	18481	72401267	72733778	0	0	231	0	0	0	0	0	0	0	227	3	3	0	0	catalog_site_not_candidate
chr12	whatshap	40342650	0.9983	605	1	40400850	40419330	18480	40342650	40419983	0	0	259	0	0	0	0	0	0	0	258	0	1	0	0	catalog_site_not_candidate
chr12	whatshap	98775768	0.9998	6550	1	98899411	98917671	18260	98775768	98931012	1	1	190	1	0	1	1	0	0	1	187	2	0	0	0	repeat_indels_excluded
chr12	whatshap	124572917	0.9935	5728	37	124796413	124814425	18012	124613904	124831165	1	1	278	1	0	0	1	0	0	1	254	24	0	0	0	repeat_indels_excluded
chr12	whatshap	54849449	0.9979	2399	5	55318625	55336476	17851	55302341	55349124	1	0	287	2	0	0	0	0	0	7	283	1	0	0	0	repeat_indels_excluded
chr12	whatshap	23298149	0.996	3504	14	24007406	24025010	17604	23992113	24036248	3	1	268	3	1	0	1	2	0	1	239	27	0	0	0	block_stitching
chr12	whatshap	24071938	0.9995	4223	2	24106886	24124230	17344	24080947	24129119	0	0	251	0	0	0	0	0	0	0	247	3	1	0	0	catalog_site_not_candidate
chr12	whatshap	26656660	0.997	5033	15	27291687	27308951	17264	26722053	27308951	4	3	203	3	0	0	1	0	0	4	179	20	5	1	0	repeat_indels_excluded
chr12	whatshap	82917208	1.0	633	0	82982632	82999465	16833	82921558	82999465	1	0	302	3	0	0	0	0	0	4	296	3	1	0	0	repeat_indels_excluded
chr12	whatshap	113877375	0.996	6801	27	114549268	114566057	16789	113976310	114571923	3	3	299	4	0	0	3	2	0	2	293	0	1	0	0	clean_candidate_unphased
chr12	whatshap	516773	0.9953	6213	29	833447	850059	16612	776600	859855	1	0	188	1	0	0	0	0	0	1	185	3	1	0	0	repeat_indels_excluded
chr12	whatshap	41912119	0.9956	4054	18	42668404	42684873	16469	42262833	42686879	1	1	275	1	0	0	0	0	0	2	229	48	1	1	0	repeat_indels_excluded
chr12	whatshap	22283842	0.9957	2091	9	22429778	22445431	15653	22321325	22454608	4	2	167	5	0	0	1	0	0	6	162	1	0	0	0	repeat_indels_excluded
chr12	whatshap	516773	0.9953	6213	29	756080	771534	15454	516773	776600	1	1	176	1	0	0	1	0	0	1	174	0	1	0	0	repeat_indels_excluded
chr12	whatshap	97600354	0.9926	4980	37	98354085	98369322	15237	97600354	98378528	1	1	193	2	0	0	0	0	0	2	164	29	0	0	0	repeat_indels_excluded
chr12	whatshap	23298149	0.996	3504	14	23976939	23992113	15174	23858836	23992113	2	3	200	5	0	0	2	0	0	7	179	20	1	1	0	repeat_indels_excluded
chr12	whatshap	11450380	0.9994	7009	4	12188747	12203352	14605	12124498	12203352	0	0	247	1	0	0	0	0	0	1	222	18	7	1	0	repeat_indels_excluded
chr12	whatshap	21226317	1.0	3462	0	21647582	21661964	14382	21605811	21661964	0	0	133	1	0	0	0	0	0	1	131	1	1	0	0	repeat_indels_excluded
chr12	whatshap	7381521	0.9991	3387	3	8169830	8183801	13971	7969637	8183789	2	1	221	3	1	0	1	0	0	3	215	2	1	0	0	block_stitching
chr12	whatshap	30826621	0.9992	15850	12	30943043	30956528	13485	30826621	30966265	0	0	242	1	0	0	0	0	0	1	241	0	1	0	0	repeat_indels_excluded
chr12	whatshap	7381521	0.9991	3387	3	7952408	7965829	13421	7381521	7969637	0	1	246	1	0	0	0	0	0	1	209	37	2	1	1	repeat_indels_excluded
chr12	whatshap	8248466	0.9953	3822	18	8688810	8701999	13189	8404941	8701984	3	2	179	6	2	0	2	2	0	4	169	6	4	0	0	block_stitching
chr12	whatshap	11450380	0.9994	7009	4	12817103	12829502	12399	12569852	12840984	3	4	173	8	1	0	3	3	0	8	162	3	3	1	0	block_stitching
chr12	whatshap	94509663	0.9984	9735	16	94671884	94683651	11767	94509663	94683651	0	0	245	1	0	0	0	0	0	1	234	9	1	0	0	repeat_indels_excluded
chr12	whatshap	49829339	0.9984	7481	12	51296213	51307931	11718	50621186	51317352	1	1	135	3	0	0	1	0	0	3	129	1	3	0	0	repeat_indels_excluded
chr12	whatshap	97600354	0.9926	4980	37	98564272	98575654	11382	98378528	98591573	0	0	148	0	0	0	0	0	0	0	139	7	2	0	0	catalog_site_not_candidate
chr12	whatshap	103465161	0.9998	5428	1	103668153	103679217	11064	103465161	103691597	0	0	124	1	0	0	0	0	0	1	122	0	2	0	0	repeat_indels_excluded
chr12	whatshap	14548492	0.9927	3146	23	15197217	15208103	10886	14650919	15208103	0	0	100	2	0	0	0	0	0	3	99	0	0	0	0	repeat_indels_excluded
chr12	whatshap	11450380	0.9994	7009	4	12542779	12553491	10712	12203352	12569852	1	1	145	1	0	0	1	0	0	1	143	0	2	0	0	repeat_indels_excluded
chr12	whatshap	87227486	0.9946	6164	33	88367325	88378031	10706	88123461	88391655	1	1	129	1	0	0	0	0	0	1	126	2	2	0	0	repeat_indels_excluded
chr12	whatshap	62813954	0.9988	5148	6	63161300	63171996	10696	62814727	63183980	0	0	154	0	0	0	0	0	0	0	150	1	3	0	0	catalog_site_not_candidate
chr12	whatshap	128607742	0.9983	4224	7	128718146	128728429	10283	128607741	128733401	0	0	137	0	0	0	0	0	0	0	127	10	0	0	0	catalog_site_not_candidate
chr12	whatshap	11450380	0.9994	7009	4	13022146	13032022	9876	12840984	13039039	2	2	96	2	0	0	1	0	0	2	94	2	0	0	0	repeat_indels_excluded
chr12	whatshap	54849449	0.9979	2399	5	55255646	55265307	9661	54858055	55275151	2	1	123	2	0	0	1	1	0	1	121	0	0	0	0	clean_candidate_unphased
chr12	whatshap	54849449	0.9979	2399	5	55292885	55302341	9456	55275151	55302341	1	0	161	0	0	0	0	0	0	0	155	8	0	0	0	catalog_site_not_candidate
chr12	whatshap	42866345	0.9978	925	2	42893285	42902689	9404	42874413	42910889	0	0	105	0	0	0	0	0	0	0	84	21	0	0	0	catalog_site_not_candidate
chr12	whatshap	4942049	1.0	2133	0	5411034	5419503	8469	4942049	5430202	0	0	105	0	0	0	0	0	0	0	102	2	1	0	0	catalog_site_not_candidate
chr12	whatshap	84964779	0.9998	5131	1	85829276	85837682	8406	84964778	85841907	0	0	148	1	0	0	0	0	0	1	98	50	1	0	0	repeat_indels_excluded
chr12	whatshap	3115178	0.9945	2733	15	3529912	3538260	8348	3115178	3538259	0	0	80	1	1	0	0	0	0	1	78	0	1	0	0	block_stitching
chr12	whatshap	88672112	0.991	2117	19	88964514	88972521	8007	88750349	88977373	4	2	76	3	0	0	2	0	0	4	72	2	1	0	0	repeat_indels_excluded
chr12	whatshap	2015747	0.9967	910	3	2138782	2146703	7921	2059247	2156222	0	0	89	0	0	0	0	0	0	0	89	0	0	0	0	catalog_site_not_candidate
chr12	whatshap	80698761	0.9953	1274	6	80779184	80786946	7762	80698761	80786946	3	3	82	2	0	0	2	0	0	2	73	12	1	1	0	repeat_indels_excluded
chr12	whatshap	113877375	0.996	6801	27	115296174	115303511	7337	114924471	115321090	2	2	137	5	0	0	1	0	0	6	125	2	7	0	0	repeat_indels_excluded
chr12	whatshap	20353640	0.9972	3182	9	20565323	20571820	6497	20481712	20588454	1	1	100	1	0	0	1	0	0	1	99	0	1	0	0	repeat_indels_excluded
chr12	whatshap	56621636	1.0	3782	0	57234172	57239693	5521	56978140	57250645	1	0	32	0	0	0	0	0	0	0	28	4	0	0	0	catalog_site_not_candidate
chr12	whatshap	124572917	0.9935	5728	37	125060000	125064983	4983	124831165	125064983	1	1	86	3	0	0	1	0	0	3	61	19	3	0	0	repeat_indels_excluded
chr12	whatshap	126568848	0.9987	1492	2	126838941	126843370	4429	126568848	126844939	61	1	574	0	0	0	1	0	0	0	484	0	0	2	88	catalog_site_not_candidate
chr12	whatshap	11450380	0.9994	7009	4	12110715	12113809	3094	11464606	12124498	2	0	22	2	0	0	0	1	1	0	19	2	0	0	0	clean_candidate_unphased
chr12	whatshap	124239115	1.0	1069	0	124370617	124373142	2525	124239115	124387741	0	0	41	0	0	0	0	0	0	0	41	0	0	0	0	catalog_site_not_candidate
chr12	whatshap	69160230	0.9995	2044	1	69436659	69439105	2446	69160230	69448254	0	0	28	0	0	0	0	0	0	0	28	0	0	0	0	catalog_site_not_candidate
chr12	whatshap	49829339	0.9984	7481	12	50606612	50609042	2430	49983466	50621186	0	0	15	1	0	0	0	0	0	2	15	0	0	0	0	repeat_indels_excluded
chr12	whatshap	18245713	0.997	8745	26	19703065	19705284	2219	18245667	19714333	2	1	41	1	0	0	0	1	0	0	38	3	0	0	0	clean_candidate_unphased
chr12	whatshap	8248466	0.9953	3822	18	8268190	8269826	1636	8251459	8286940	0	0	32	1	0	0	0	0	0	1	32	0	0	0	0	repeat_indels_excluded
chr12	whatshap	98775768	0.9998	6550	1	99562687	99563665	978	98931012	99572908	1	0	13	1	0	0	0	1	0	0	12	0	0	0	0	clean_candidate_unphased
chr12	whatshap	52975377	0.9975	803	2	53105294	53105956	662	52975377	53102495	1	1	10	1	0	0	1	0	0	2	9	0	0	0	0	repeat_indels_excluded
chr12	whatshap	80016367	0.9983	2874	5	80291691	80291981	290	80036228	80300592	0	0	1	0	0	0	0	0	0	0	1	0	0	0	0	catalog_site_not_candidate
chr12	whatshap_opt	62813954	0.9994	5142	3	63758735	63866834	108099	63183980	63878915	27	27	1156	33	3	1	24	8	1	28	1102	12	14	0	0	block_stitching
chr12	whatshap_opt	68061404	0.9959	4670	19	68757844	68841697	83853	68462321	68808608	7	6	1064	18	4	0	6	3	1	16	1028	7	13	0	0	block_stitching
chr12	whatshap_opt	111245009	0.996	5212	21	111261972	111342950	80978	111250305	111342950	6	7	1179	44	6	0	6	10	0	43	1101	6	37	1	0	block_stitching
chr12	whatshap_opt	87227486	0.9946	6166	33	87661162	87735057	73895	87262488	87757052	11	11	1005	21	4	1	10	5	1	16	975	8	7	2	0	block_stitching
chr12	whatshap_opt	94509663	0.9989	9737	11	95750003	95822767	72764	94683651	95813559	10	12	827	19	2	0	9	2	0	20	759	51	12	1	0	block_stitching
chr12	whatshap_opt	49829339	0.9983	7477	13	49840592	49901233	60641	49829339	49904294	5	5	991	5	2	0	4	2	0	3	903	84	2	0	0	block_stitching
chr12	whatshap_opt	122589654	0.9917	968	8	122737235	122795658	58423	122667395	122803362	9	9	757	16	2	2	8	2	0	15	731	10	7	1	0	block_stitching
chr12	whatshap_opt	48706770	0.9961	4100	16	48721752	48779495	57743	48710950	48779495	5	7	624	19	1	0	6	1	0	22	576	24	9	0	0	block_stitching
chr12	whatshap_opt	21226317	0.9983	3473	6	21555274	21605811	50537	21520197	21605811	3	3	647	11	1	0	3	2	0	11	620	19	1	0	0	block_stitching
chr12	whatshap_opt	88672112	0.9943	2118	12	88697394	88744635	47241	88682789	88750349	6	5	508	10	0	0	3	0	0	11	490	4	11	2	0	repeat_indels_excluded
chr12	whatshap_opt	47157890	0.9979	3788	8	47636066	47683118	47052	47558144	47689100	3	3	518	5	1	0	2	1	0	4	483	35	0	0	0	block_stitching
chr12	whatshap_opt	21226317	0.9983	3473	6	21473633	21520197	46564	21297420	21520197	3	3	619	4	0	0	3	2	0	2	591	22	3	0	0	clean_candidate_unphased
chr12	whatshap_opt	102497615	0.9927	4237	31	102865632	102911774	46142	102530351	102894841	1	3	608	4	1	0	2	1	0	3	599	1	6	0	0	block_stitching
chr12	whatshap_opt	44471515	0.9972	3952	11	44498878	44543246	44368	44471515	44543246	3	4	559	5	0	0	3	0	0	6	549	1	4	0	0	repeat_indels_excluded
chr12	whatshap_opt	516773	0.9995	6146	3	1861231	1905447	44216	1612109	1905447	2	2	593	2	1	0	2	1	0	1	588	3	1	0	0	block_stitching
chr12	whatshap_opt	6864348	0.9927	545	4	6881085	6924734	43649	6864348	6934269	27	33	764	24	1	1	20	3	0	23	554	187	5	5	19	block_stitching
chr12	whatshap_opt	65929643	0.9986	7113	10	67027793	67070984	43191	66197743	67070984	3	2	501	4	0	0	2	0	0	5	468	31	2	1	0	repeat_indels_excluded
chr12	whatshap_opt	97370965	0.997	984	3	97378951	97421383	42432	97370965	97425743	6	5	503	12	0	2	5	1	0	12	488	1	7	0	0	clean_candidate_unphased
chr12	whatshap_opt	128607742	0.9991	4225	4	129345515	129386314	40799	128733401	129390056	2	1	635	3	1	0	1	1	0	2	609	25	0	1	0	block_stitching
chr12	whatshap_opt	78793157	0.9978	918	2	78927554	78968346	40792	78793157	78949346	7	7	466	6	1	0	4	2	0	5	443	23	6	2	0	block_stitching
chr12	whatshap_opt	68061404	0.9959	4670	19	68421680	68462321	40641	68061404	68462321	3	3	525	10	1	1	2	1	0	10	512	2	4	0	0	block_stitching
chr12	whatshap_opt	16513785	0.9994	5171	3	17167993	17208561	40568	16935942	17208561	3	4	544	10	0	0	3	2	0	9	534	0	7	0	0	clean_candidate_unphased
chr12	whatshap_opt	41912119	0.9968	4053	13	42182585	42222250	39665	42146984	42232108	3	3	655	5	0	0	3	0	0	7	643	4	4	0	0	repeat_indels_excluded
chr12	whatshap_opt	131894154	0.9952	625	3	131983193	132022841	39648	131955227	132022841	3	3	487	8	0	2	3	0	1	8	474	1	6	0	0	clean_candidate_unphased
chr12	whatshap_opt	48706770	0.9961	4100	16	48953350	48992923	39573	48779495	48992923	3	4	309	7	0	0	3	0	0	11	294	3	10	0	0	repeat_indels_excluded
chr12	whatshap_opt	13166071	1.0	2053	0	13594134	13633697	39563	13166071	13617651	2	1	438	3	1	0	1	1	0	2	393	49	0	0	0	block_stitching
chr12	whatshap_opt	55378381	0.9936	1259	8	55494788	55533763	38975	55436166	55516225	6	6	772	5	1	2	6	1	0	5	766	0	1	0	0	block_stitching
chr12	whatshap_opt	55378381	0.9936	1259	8	55389184	55427864	38680	55378381	55436166	5	5	583	7	1	1	3	1	0	7	509	69	0	0	0	block_stitching
chr12	whatshap_opt	124572917	0.9967	5749	19	125571087	125609135	38048	125388534	125609135	4	6	528	2	0	2	3	0	0	2	520	3	4	0	0	repeat_indels_excluded
chr12	whatshap_opt	14548492	0.994	3161	19	14614161	14650919	36758	14593040	14650919	2	1	521	5	0	0	1	1	0	4	468	47	3	0	0	clean_candidate_unphased
chr12	whatshap_opt	124572917	0.9967	5749	19	125879755	125915690	35935	125609135	125920680	3	4	470	3	0	0	2	0	0	4	452	14	2	0	0	repeat_indels_excluded
chr12	whatshap_opt	43783842	0.9947	2276	12	43806602	43842492	35890	43783841	43843417	4	4	528	9	1	0	4	0	1	9	513	3	5	0	0	block_stitching
chr12	whatshap_opt	49829339	0.9983	7477	13	49947042	49982739	35697	49904294	49983466	5	1	396	8	0	0	1	0	0	9	377	10	12	2	0	repeat_indels_excluded
chr12	whatshap_opt	51966331	0.9963	2186	8	52072854	52108512	35658	51966331	52108512	3	2	567	5	0	0	1	0	0	6	556	5	4	1	0	repeat_indels_excluded
chr12	whatshap_opt	29693044	1.0	1497	0	29694358	29728273	33915	29693043	29735657	2	1	670	1	0	0	1	0	0	1	667	0	4	0	0	repeat_indels_excluded
chr12	whatshap_opt	55658302	0.9915	704	6	55689831	55723719	33888	55658302	55730194	3	3	288	4	1	0	2	1	0	4	274	5	11	0	0	block_stitching
chr12	whatshap_opt	44471515	0.9972	3952	11	45121638	45155523	33885	44543246	45155523	5	4	414	4	0	0	4	0	0	4	406	2	3	0	0	repeat_indels_excluded
chr12	whatshap_opt	47157890	0.9979	3788	8	47524269	47558144	33875	47157890	47558144	1	1	386	2	0	1	1	0	0	2	337	49	1	0	0	repeat_indels_excluded
chr12	whatshap_opt	130506653	0.9985	4593	7	131021291	131054942	33651	130700747	131055807	3	2	617	2	0	1	1	0	0	2	611	3	1	0	0	repeat_indels_excluded
chr12	whatshap_opt	21226317	0.9983	3473	6	21263902	21297420	33518	21229205	21297420	1	1	481	2	0	1	1	0	0	2	409	72	0	1	0	repeat_indels_excluded
chr12	whatshap_opt	18245713	0.9984	8749	14	20215441	20248831	33390	19714333	20251383	2	2	405	5	0	0	1	0	0	9	358	40	9	0	0	repeat_indels_excluded
chr12	whatshap_opt	8248466	0.9984	3820	6	8993812	9026863	33051	8701984	9032347	2	2	377	3	1	0	2	1	0	2	373	1	0	0	0	block_stitching
chr12	whatshap_opt	3937361	0.9957	1852	8	4327635	4360209	32574	3937361	4360209	2	2	462	6	0	0	2	0	0	6	452	1	6	0	0	repeat_indels_excluded
chr12	whatshap_opt	41912119	0.9968	4053	13	42114546	42146984	32438	41912119	42146984	3	3	415	5	0	0	2	0	0	6	407	4	3	0	0	repeat_indels_excluded
chr12	whatshap_opt	75851330	0.9924	1178	9	75886047	75918045	31998	75851330	75920552	3	5	467	2	0	0	2	0	0	2	406	59	2	0	0	repeat_indels_excluded
chr12	whatshap_opt	18245713	0.9984	8749	14	20273586	20305124	31538	20251383	20305124	2	2	460	4	0	0	1	0	0	4	449	7	0	0	0	repeat_indels_excluded
chr12	whatshap_opt	17645134	0.9919	2480	20	17777902	17809309	31407	17645134	17809308	4	4	365	2	0	0	2	0	0	4	343	19	4	0	0	repeat_indels_excluded
chr12	whatshap_opt	22787334	0.9995	1966	1	23079903	23110923	31020	22787334	23121221	2	1	295	2	0	0	1	0	0	3	289	3	2	0	0	repeat_indels_excluded
chr12	whatshap_opt	51758759	0.9942	689	4	51805217	51835817	30600	51758759	51853315	2	1	404	2	1	0	1	1	0	1	393	1	9	0	0	block_stitching
chr12	whatshap_opt	111245009	0.996	5212	21	112149816	112180186	30370	112105860	112188085	3	3	245	7	0	0	3	1	0	6	234	0	5	0	0	clean_candidate_unphased
chr12	whatshap_opt	86320764	0.9962	520	2	86330477	86360625	30148	86320764	86360625	1	1	441	1	0	0	1	0	0	1	391	47	3	0	0	repeat_indels_excluded
chr12	whatshap_opt	44471515	0.9972	3952	11	45166366	45196016	29650	45155523	45196016	1	1	376	5	0	0	1	0	0	8	367	1	4	0	0	repeat_indels_excluded
chr12	whatshap_opt	109005512	1.0	2858	0	109658890	109687437	28547	109005512	109689312	5	5	369	6	0	0	5	2	0	4	358	2	4	0	0	clean_candidate_unphased
chr12	whatshap_opt	45394406	1.0	971	0	45407561	45435615	28054	45394628	45435615	1	1	336	3	0	0	1	0	0	4	279	54	0	0	3	repeat_indels_excluded
chr12	whatshap_opt	101532168	1.0	1715	0	101605481	101633408	27927	101532168	101633408	2	2	399	3	0	0	1	0	0	3	372	27	0	1	0	repeat_indels_excluded
chr12	whatshap_opt	128607742	0.9991	4225	4	129490069	129517639	27570	129390056	129521465	1	1	400	2	0	0	1	0	0	2	350	51	1	0	0	repeat_indels_excluded
chr12	whatshap_opt	23298149	0.9966	3526	12	23757924	23785124	27200	23256978	23785124	2	2	327	4	0	1	2	1	0	3	298	25	3	0	0	clean_candidate_unphased
chr12	whatshap_opt	41912119	0.9968	4053	13	42236067	42262833	26766	42232108	42262833	4	4	332	5	0	0	3	0	0	7	322	0	5	0	0	repeat_indels_excluded
chr12	whatshap_opt	124572917	0.9967	5749	19	125928910	125955433	26523	125920680	125955433	6	5	414	9	0	0	3	1	0	14	399	3	10	0	1	clean_candidate_unphased
chr12	whatshap_opt	56621636	1.0	3783	0	56951919	56978140	26221	56625505	56978140	2	2	234	3	0	0	2	0	0	3	228	2	2	0	0	repeat_indels_excluded
chr12	whatshap_opt	25608513	0.9969	4575	14	26132858	26158668	25810	26016903	26158668	0	0	311	0	0	0	0	0	0	0	309	0	2	0	0	catalog_site_not_candidate
chr12	whatshap_opt	81092816	1.0	958	0	81101421	81127126	25705	81092816	81127402	0	0	367	0	0	0	0	0	0	0	366	0	1	0	0	catalog_site_not_candidate
chr12	whatshap_opt	23298149	0.9966	3526	12	23833971	23858836	24865	23785124	23858836	4	2	385	4	0	0	0	0	0	5	378	10	1	2	0	repeat_indels_excluded
chr12	whatshap_opt	79152628	0.9933	596	4	79243920	79268544	24624	79152628	79270100	1	1	285	3	0	0	1	0	0	4	255	26	2	0	0	repeat_indels_excluded
chr12	whatshap_opt	124572917	0.9967	5749	19	125364026	125388534	24508	125064983	125388534	0	0	291	0	0	0	0	0	0	0	274	17	0	0	0	catalog_site_not_candidate
chr12	whatshap_opt	81486485	0.9996	5367	2	81956288	81980667	24379	81513844	81980667	0	0	300	0	0	0	0	0	0	0	298	1	1	0	0	catalog_site_not_candidate
chr12	whatshap_opt	47157890	0.9979	3788	8	47948274	47972498	24224	47689100	47972498	3	2	298	1	0	0	0	0	0	1	246	55	0	0	0	repeat_indels_excluded
chr12	whatshap_opt	131894154	0.9952	625	3	131920889	131944887	23998	131907627	131955227	2	1	309	7	0	0	1	0	0	9	299	1	5	0	0	repeat_indels_excluded
chr12	whatshap_opt	56226866	0.9972	1429	4	56338270	56362234	23964	56293152	56365135	5	4	232	10	0	0	2	0	0	12	212	4	10	0	0	repeat_indels_excluded
chr12	whatshap_opt	112802342	0.9958	3826	16	113354298	113378104	23806	112802342	113378104	3	3	333	8	0	0	1	1	0	9	315	6	8	1	0	clean_candidate_unphased
chr12	whatshap_opt	120369904	0.9997	3644	1	121256761	121280056	23295	120377082	121280056	3	3	333	3	0	1	2	0	0	3	327	1	3	0	0	repeat_indels_excluded
chr12	whatshap_opt	51758759	0.9942	689	4	51902847	51926107	23260	51853315	51926107	1	1	231	3	0	0	0	0	0	4	227	0	2	0	0	repeat_indels_excluded
chr12	whatshap_opt	112802342	0.9958	3826	16	113600698	113623816	23118	113378104	113623816	3	3	347	3	0	0	2	0	0	4	340	6	1	0	1	repeat_indels_excluded
chr12	whatshap_opt	86320764	0.9962	520	2	86373106	86396039	22933	86360625	86396039	7	7	301	5	0	0	3	1	0	5	287	11	3	9	0	clean_candidate_unphased
chr12	whatshap_opt	17645134	0.9919	2480	20	17828771	17851500	22729	17809308	17851500	0	1	322	3	0	0	0	0	0	3	302	20	2	0	0	repeat_indels_excluded
chr12	whatshap_opt	65929643	0.9986	7113	10	67468235	67490822	22587	67070984	67494573	0	0	275	2	0	0	0	0	1	1	265	9	1	0	0	clean_candidate_unphased
chr12	whatshap_opt	2015747	0.9957	925	4	2030274	2052322	22048	2014545	2059247	0	0	299	1	0	0	0	0	0	2	295	0	4	0	0	repeat_indels_excluded
chr12	whatshap_opt	94509663	0.9989	9737	11	96381641	96403552	21911	95813559	96403552	0	0	281	2	0	0	0	0	0	3	249	32	0	1	0	repeat_indels_excluded
chr12	whatshap_opt	115642949	0.9985	11251	17	117781348	117803258	21910	117404271	117806448	4	2	344	1	0	0	2	0	0	1	338	2	3	0	0	repeat_indels_excluded
chr12	whatshap_opt	15773242	0.9951	2456	12	15948599	15970450	21851	15803821	15984808	2	2	278	1	0	0	0	0	0	1	269	9	0	2	0	repeat_indels_excluded
chr12	whatshap_opt	64010101	0.9908	1515	14	64080957	64102459	21502	64070387	64110030	1	0	218	0	0	0	0	0	0	0	218	0	0	0	0	catalog_site_not_candidate
chr12	whatshap_opt	516773	0.9995	6146	3	1582019	1603397	21378	859855	1612109	2	1	336	2	0	0	0	0	0	3	327	9	0	1	0	repeat_indels_excluded
chr12	whatshap_opt	48706770	0.9961	4100	16	48997884	49019258	21374	48992923	49031669	1	1	158	2	0	0	1	0	0	3	153	1	2	0	0	repeat_indels_excluded
chr12	whatshap_opt	21226317	0.9983	3473	6	21662343	21683588	21245	21661964	21683586	0	0	252	2	1	0	0	0	0	2	248	0	2	0	0	block_stitching
chr12	whatshap_opt	74876286	0.9992	3857	3	75204598	75225703	21105	75173819	75232062	3	3	218	1	0	1	3	0	0	1	216	1	0	0	0	repeat_indels_excluded
chr12	whatshap_opt	74876286	0.9992	3857	3	75148081	75169039	20958	74920741	75173819	0	0	246	1	0	0	0	0	0	1	214	34	0	1	0	repeat_indels_excluded
chr12	whatshap_opt	8248466	0.9984	3820	6	8381294	8402164	20870	8286940	8404941	1	1	422	2	0	0	0	0	0	2	355	64	4	0	0	repeat_indels_excluded
chr12	whatshap_opt	76226371	0.9969	4835	15	76742549	76763305	20756	76254701	76763305	3	2	274	3	0	0	2	0	0	3	259	14	0	0	0	repeat_indels_excluded
chr12	whatshap_opt	43783842	0.9947	2276	12	43874898	43895653	20755	43843417	43908809	1	1	275	3	0	0	1	0	0	3	272	0	1	0	0	repeat_indels_excluded
chr12	whatshap_opt	57871670	0.9967	3593	12	57925210	57945851	20641	57875794	57949476	2	2	258	2	0	0	0	0	0	5	254	2	0	0	0	repeat_indels_excluded
chr12	whatshap_opt	43783842	0.9947	2276	12	43945661	43966295	20634	43908809	43975492	0	0	229	2	0	0	0	0	0	2	227	0	0	0	0	repeat_indels_excluded
chr12	whatshap_opt	76226371	0.9969	4835	15	76826907	76847400	20493	76763305	76849452	5	8	274	2	0	0	5	0	0	4	231	44	0	0	0	repeat_indels_excluded
chr12	whatshap_opt	87227486	0.9946	6166	33	87242489	87262488	19999	87227486	87262488	1	0	292	5	0	0	0	0	0	6	287	0	1	0	0	repeat_indels_excluded
chr12	whatshap_opt	87227486	0.9946	6166	33	88103483	88123462	19979	87757052	88123461	0	0	203	2	0	0	0	0	0	4	200	1	1	0	0	repeat_indels_excluded
chr12	whatshap_opt	107617590	0.9984	625	1	107624124	107643866	19742	107617590	107653833	2	2	228	3	0	0	0	0	0	5	217	8	2	0	0	repeat_indels_excluded
chr12	whatshap_opt	64010101	0.9908	1515	14	64050910	64070387	19477	64013748	64070387	0	1	211	4	0	0	1	0	0	4	207	1	2	0	0	repeat_indels_excluded
chr12	whatshap_opt	40493795	1.0	1022	0	40555554	40574501	18947	40493795	40574501	1	1	257	1	0	0	0	0	0	1	227	30	0	1	0	repeat_indels_excluded
chr12	whatshap_opt	14548492	0.994	3161	19	14574410	14593041	18631	14548492	14593040	0	0	317	3	1	0	0	0	0	3	267	45	1	0	0	block_stitching
chr12	whatshap_opt	72401267	1.0	1783	0	72702954	72721435	18481	72401267	72733778	0	0	231	0	0	0	0	0	0	0	227	3	3	0	0	catalog_site_not_candidate
chr12	whatshap_opt	40342650	0.9983	605	1	40400850	40419330	18480	40342650	40419983	0	0	259	0	0	0	0	0	0	0	258	0	1	0	0	catalog_site_not_candidate
chr12	whatshap_opt	16513785	0.9994	5171	3	16916787	16935146	18359	16516402	16935942	0	0	212	2	0	0	0	0	0	2	201	9	2	0	0	repeat_indels_excluded
chr12	whatshap_opt	115642949	0.9985	11251	17	116552026	116570310	18284	115655282	116574596	1	2	266	3	0	0	1	0	0	3	260	4	6	0	0	repeat_indels_excluded
chr12	whatshap_opt	98775768	0.9997	6551	2	98899411	98917671	18260	98775768	98931012	1	1	190	1	0	1	1	0	0	1	187	2	0	0	0	repeat_indels_excluded
chr12	whatshap_opt	124572917	0.9967	5749	19	124796413	124814425	18012	124613904	124831165	1	1	278	1	0	0	1	0	0	1	254	24	0	0	0	repeat_indels_excluded
chr12	whatshap_opt	115642949	0.9985	11251	17	117080027	117098025	17998	116574596	117106425	0	0	278	2	0	0	0	0	0	2	255	19	2	0	0	repeat_indels_excluded
chr12	whatshap_opt	54849449	0.9979	2399	5	55318625	55336476	17851	55302341	55349124	1	0	287	2	0	0	0	0	0	7	283	1	0	0	0	repeat_indels_excluded
chr12	whatshap_opt	23298149	0.9966	3526	12	24007406	24025010	17604	23992113	24036248	3	1	268	3	1	0	1	2	0	1	239	27	0	0	0	block_stitching
chr12	whatshap_opt	24071938	0.9995	4222	2	24106886	24124230	17344	24080947	24129119	0	0	251	0	0	0	0	0	0	0	247	3	1	0	0	catalog_site_not_candidate
chr12	whatshap_opt	82917208	1.0	633	0	82982632	82999465	16833	82921558	82999465	1	0	302	3	0	0	0	0	0	4	296	3	1	0	0	repeat_indels_excluded
chr12	whatshap_opt	516773	0.9995	6146	3	833447	850059	16612	776600	859855	1	0	188	1	0	0	0	0	0	1	185	3	1	0	0	repeat_indels_excluded
chr12	whatshap_opt	41912119	0.9968	4053	13	42668404	42684873	16469	42262833	42686879	1	1	275	1	0	0	0	0	0	2	229	48	1	1	0	repeat_indels_excluded
chr12	whatshap_opt	22283842	0.9957	2098	9	22429778	22445431	15653	22321325	22454608	4	2	167	5	0	0	1	0	0	6	162	1	0	0	0	repeat_indels_excluded
chr12	whatshap_opt	516773	0.9995	6146	3	756080	771534	15454	516773	776600	1	1	176	1	0	0	1	0	0	1	174	0	1	0	0	repeat_indels_excluded
chr12	whatshap_opt	77378059	0.9993	1393	1	77588922	77604272	15350	77512968	77610001	1	1	159	3	0	0	1	0	0	7	155	1	0	0	0	repeat_indels_excluded
chr12	whatshap_opt	97600354	0.9984	4979	8	98354085	98369322	15237	97600354	98378528	1	1	193	2	0	0	0	0	0	2	164	29	0	0	0	repeat_indels_excluded
chr12	whatshap_opt	23298149	0.9966	3526	12	23976939	23992113	15174	23858836	23992113	2	3	200	5	0	0	0	0	0	7	179	20	1	1	0	repeat_indels_excluded
chr12	whatshap_opt	11450380	0.9996	7013	3	12188747	12203352	14605	12124498	12203352	0	0	247	1	0	0	0	0	0	1	222	18	7	1	0	repeat_indels_excluded
chr12	whatshap_opt	21226317	0.9983	3473	6	21647582	21661964	14382	21605811	21661964	0	0	133	1	0	0	0	0	0	1	131	1	1	0	0	repeat_indels_excluded
chr12	whatshap_opt	7381521	0.9988	3389	4	8169830	8183801	13971	7969637	8183789	2	1	221	3	1	0	1	0	0	3	215	2	1	0	0	block_stitching
chr12	whatshap_opt	30826621	0.9995	15817	8	30943043	30956528	13485	30826621	30966265	0	0	242	1	0	0	0	0	0	1	241	0	1	0	0	repeat_indels_excluded
chr12	whatshap_opt	7381521	0.9988	3389	4	7952408	7965829	13421	7381521	7969637	0	1	246	1	0	0	0	0	0	1	209	37	2	1	1	repeat_indels_excluded
chr12	whatshap_opt	25608513	0.9969	4575	14	25996808	26010220	13412	25676727	26016903	3	3	149	2	0	0	0	0	0	2	147	6	0	1	0	repeat_indels_excluded
chr12	whatshap_opt	111245009	0.996	5212	21	112422574	112435938	13364	112409766	112445513	0	0	104	2	0	0	0	0	0	2	99	1	2	0	0	repeat_indels_excluded
chr12	whatshap_opt	8248466	0.9984	3820	6	8688810	8701999	13189	8404941	8701984	3	2	179	6	2	0	2	2	0	4	169	6	4	0	0	block_stitching
chr12	whatshap_opt	76226371	0.9969	4835	15	76926832	76939598	12766	76849452	76939595	2	2	167	9	1	0	0	1	0	9	153	1	6	0	0	block_stitching
chr12	whatshap_opt	51966331	0.9963	2186	8	52191505	52204083	12578	52108512	52204083	4	3	161	5	0	0	2	0	0	8	155	3	0	0	0	repeat_indels_excluded
chr12	whatshap_opt	11450380	0.9996	7013	3	12817103	12829502	12399	12569852	12840984	3	4	173	8	1	0	3	3	0	8	162	3	3	1	0	block_stitching
chr12	whatshap_opt	15773242	0.9951	2456	12	16213193	16225083	11890	15984808	16225083	1	1	165	0	0	0	0	0	0	0	159	7	0	0	0	catalog_site_not_candidate
chr12	whatshap_opt	111245009	0.996	5212	21	112078615	112090471	11856	111342950	112105860	2	1	99	6	0	0	1	0	0	8	92	0	1	0	0	repeat_indels_excluded
chr12	whatshap_opt	94509663	0.9989	9737	11	94671884	94683651	11767	94509663	94683651	0	0	245	1	0	0	0	0	0	1	234	9	1	0	0	repeat_indels_excluded
chr12	whatshap_opt	49829339	0.9983	7477	13	51296213	51307931	11718	50621186	51317352	1	1	135	3	0	0	0	0	0	3	129	1	3	0	0	repeat_indels_excluded
chr12	whatshap_opt	81486485	0.9996	5367	2	81489285	81500762	11477	81486485	81513844	1	1	134	1	0	0	0	0	0	1	119	14	2	0	0	repeat_indels_excluded
chr12	whatshap_opt	97600354	0.9984	4979	8	98564272	98575654	11382	98378528	98591573	0	0	148	0	0	0	0	0	0	0	139	7	2	0	0	catalog_site_not_candidate
chr12	whatshap_opt	103465161	0.9998	5428	1	103668153	103679217	11064	103465161	103691597	0	0	124	1	0	0	0	0	0	1	122	0	2	0	0	repeat_indels_excluded
chr12	whatshap_opt	20353640	0.9972	3184	9	20467267	20478312	11045	20370624	20481712	15	15	124	15	0	0	14	11	0	4	108	0	2	0	0	clean_candidate_unphased
chr12	whatshap_opt	14548492	0.994	3161	19	15197217	15208103	10886	14650919	15208103	0	0	100	2	0	0	0	0	0	3	99	0	0	0	0	repeat_indels_excluded
chr12	whatshap_opt	11450380	0.9996	7013	3	12542779	12553491	10712	12203352	12569852	1	1	145	1	0	0	1	0	0	1	143	0	2	0	0	repeat_indels_excluded
chr12	whatshap_opt	87227486	0.9946	6166	33	88367325	88378031	10706	88123461	88391655	1	1	129	1	0	0	0	0	0	1	126	2	2	0	0	repeat_indels_excluded
chr12	whatshap_opt	62813954	0.9994	5142	3	63161300	63171996	10696	62814727	63183980	0	0	154	0	0	0	0	0	0	0	150	1	3	0	0	catalog_site_not_candidate
chr12	whatshap_opt	128607742	0.9991	4225	4	128718146	128728429	10283	128607741	128733401	0	0	137	0	0	0	0	0	0	0	127	10	0	0	0	catalog_site_not_candidate
chr12	whatshap_opt	11450380	0.9996	7013	3	13022146	13032022	9876	12840984	13039039	2	2	96	2	0	0	1	0	0	2	94	2	0	0	0	repeat_indels_excluded
chr12	whatshap_opt	54849449	0.9979	2399	5	55255646	55265307	9661	54858055	55275151	2	1	123	2	0	0	1	1	0	1	121	0	0	0	0	clean_candidate_unphased
chr12	whatshap_opt	54849449	0.9979	2399	5	55292885	55302341	9456	55275151	55302341	1	0	161	0	0	0	0	0	0	0	155	8	0	0	0	catalog_site_not_candidate
chr12	whatshap_opt	42866345	0.9978	925	2	42893285	42902689	9404	42874413	42910889	0	0	105	0	0	0	0	0	0	0	84	21	0	0	0	catalog_site_not_candidate
chr12	whatshap_opt	111245009	0.996	5212	21	112393035	112401769	8734	112188085	112409766	0	0	53	1	0	0	0	0	0	1	51	0	1	0	0	repeat_indels_excluded
chr12	whatshap_opt	4942049	1.0	2134	0	5411034	5419503	8469	4942049	5430202	0	0	105	0	0	0	0	0	0	0	102	2	1	0	0	catalog_site_not_candidate
chr12	whatshap_opt	84964779	0.9998	5131	1	85829276	85837682	8406	84964778	85841907	0	0	148	1	0	0	0	0	0	1	98	50	1	0	0	repeat_indels_excluded
chr12	whatshap_opt	3115178	0.9971	2740	8	3529912	3538260	8348	3115178	3538259	0	0	80	1	1	0	0	0	0	1	78	0	1	0	0	block_stitching
chr12	whatshap_opt	88672112	0.9943	2118	12	88964514	88972521	8007	88750349	88977373	4	2	76	3	0	0	2	0	0	4	72	2	1	0	0	repeat_indels_excluded
chr12	whatshap_opt	65929643	0.9986	7113	10	66184270	66192199	7929	65978346	66197743	0	0	86	2	0	0	0	0	0	2	83	1	1	0	0	repeat_indels_excluded
chr12	whatshap_opt	2015747	0.9957	925	4	2138782	2146703	7921	2059247	2156222	0	0	89	0	0	0	0	0	0	0	89	0	0	0	0	catalog_site_not_candidate
chr12	whatshap_opt	80698761	0.9953	1274	6	80779184	80786946	7762	80698761	80786946	3	3	82	2	0	0	2	0	0	2	73	12	1	1	0	repeat_indels_excluded
chr12	whatshap_opt	77378059	0.9993	1393	1	77493304	77500759	7455	77378059	77512968	0	0	87	1	0	0	0	0	1	0	86	0	1	0	0	clean_candidate_unphased
chr12	whatshap_opt	20353640	0.9972	3184	9	20565323	20571820	6497	20481712	20588454	1	1	100	1	0	0	1	0	0	1	99	0	1	0	0	repeat_indels_excluded
chr12	whatshap_opt	56621636	1.0	3783	0	57234172	57239693	5521	56978140	57250645	1	0	32	0	0	0	0	0	0	0	28	4	0	0	0	catalog_site_not_candidate
chr12	whatshap_opt	124572917	0.9967	5749	19	125060000	125064983	4983	124831165	125064983	1	1	86	3	0	0	1	0	0	3	61	19	3	0	0	repeat_indels_excluded
chr12	whatshap_opt	126568848	0.9987	1492	2	126838941	126843370	4429	126568848	126844939	61	1	574	0	0	0	1	0	0	0	484	0	0	2	88	catalog_site_not_candidate
chr12	whatshap_opt	115642949	0.9985	11251	17	117389379	117393665	4286	117106425	117404271	0	0	39	0	0	0	0	0	0	0	37	1	1	0	0	catalog_site_not_candidate
chr12	whatshap_opt	76226371	0.9969	4835	15	77193111	77196713	3602	76939595	77205128	1	0	46	1	0	0	0	1	0	0	44	1	0	0	0	clean_candidate_unphased
chr12	whatshap_opt	11450380	0.9996	7013	3	12110715	12113809	3094	11464606	12124498	2	0	22	2	0	0	0	1	1	0	19	2	0	0	0	clean_candidate_unphased
chr12	whatshap_opt	124239115	1.0	1069	0	124370617	124373142	2525	124239115	124387741	0	0	41	0	0	0	0	0	0	0	41	0	0	0	0	catalog_site_not_candidate
chr12	whatshap_opt	69160230	0.999	2045	2	69436659	69439105	2446	69160230	69448254	0	0	28	0	0	0	0	0	0	0	28	0	0	0	0	catalog_site_not_candidate
chr12	whatshap_opt	49829339	0.9983	7477	13	50606612	50609042	2430	49983466	50621186	0	0	15	1	0	0	0	0	0	2	15	0	0	0	0	repeat_indels_excluded
chr12	whatshap_opt	18245713	0.9984	8749	14	19703065	19705284	2219	18245667	19714333	2	1	41	1	0	0	0	1	0	0	38	3	0	0	0	clean_candidate_unphased
chr12	whatshap_opt	8248466	0.9984	3820	6	8268190	8269826	1636	8251459	8286940	0	0	32	1	0	0	0	0	0	1	32	0	0	0	0	repeat_indels_excluded
chr12	whatshap_opt	98775768	0.9997	6551	2	99562687	99563665	978	98931012	99572908	1	0	13	1	0	0	0	1	0	0	12	0	0	0	0	clean_candidate_unphased
chr12	whatshap_opt	52975377	0.9975	803	2	53105294	53105956	662	52975377	53102495	1	1	10	1	0	0	1	0	0	2	9	0	0	0	0	repeat_indels_excluded
chr12	whatshap_opt	80016367	0.999	2865	3	80291691	80291981	290	80036228	80300592	0	0	1	0	0	0	0	0	0	0	1	0	0	0	0	catalog_site_not_candidate
chr18	hiphase	46128191	0.9983	2981	5	46185393	46302851	117458	46129116	46320856	17	16	1510	21	2	2	16	2	0	24	1466	8	27	2	0	block_stitching
chr18	hiphase	33179887	0.9932	1177	8	33319321	33429051	109730	33308109	33429051	13	17	1111	15	4	1	17	4	1	13	1080	7	11	0	0	block_stitching
chr18	hiphase	69411389	0.9988	11220	13	71439208	71538123	98915	71421324	71547227	8	7	1493	14	6	0	7	4	3	12	1291	192	5	1	1	block_stitching
chr18	hiphase	51807747	0.9997	3541	1	52053305	52147183	93878	51807747	52156413	6	6	1212	4	2	3	6	2	0	2	1193	10	6	0	0	block_stitching
chr18	hiphase	6097849	0.9982	7843	14	6325477	6398154	72677	6273770	6405987	7	7	969	9	2	0	7	1	1	7	949	4	8	0	1	block_stitching
chr18	hiphase	45538181	0.9929	1133	8	45671465	45734235	62770	45542668	45734235	4	4	715	7	1	2	3	2	1	8	686	23	1	1	0	block_stitching
chr18	hiphase	68462253	0.9964	3020	11	68947290	69008056	60766	68940748	69014768	4	4	864	5	0	0	4	0	0	7	822	41	5	2	0	repeat_indels_excluded
chr18	hiphase	32875301	0.9968	1263	4	32944987	33000178	55191	32875301	33002423	8	7	566	7	2	0	7	3	0	5	555	4	4	0	0	block_stitching
chr18	hiphase	49573649	0.9957	1397	6	49666311	49720858	54547	49606675	49697424	5	6	793	7	1	0	5	1	0	9	769	9	11	0	0	block_stitching
chr18	hiphase	56951190	0.9982	2810	5	57126737	57179488	52751	57059442	57163280	3	3	639	6	1	0	3	1	0	6	625	3	7	0	0	block_stitching
chr18	hiphase	10004200	0.9984	3692	6	10067928	10115267	47339	10004200	10128558	6	4	620	2	0	0	4	0	1	1	581	39	2	0	0	clean_candidate_unphased
chr18	hiphase	48110458	0.9958	4961	21	48743213	48789496	46283	48191444	48771192	6	6	693	4	1	1	6	1	0	3	680	8	5	0	0	block_stitching
chr18	hiphase	41756327	0.999	4823	5	41883050	41928801	45751	41756515	41941032	7	6	538	6	1	1	6	3	0	4	526	6	2	0	0	block_stitching
chr18	hiphase	44009495	0.9989	6643	7	44432563	44478108	45545	44009495	44478108	5	6	589	2	0	0	6	0	0	3	525	65	0	0	0	repeat_indels_excluded
chr18	hiphase	62764377	0.9961	2834	11	62903312	62947238	43926	62789327	62947238	5	4	488	11	1	0	4	4	0	8	467	2	11	0	0	block_stitching
chr18	hiphase	36231419	0.997	2984	9	36417754	36459224	41470	36280812	36459224	9	9	643	3	1	1	9	1	0	2	602	41	3	0	0	block_stitching
chr18	hiphase	75896305	0.998	4583	9	76043630	76083307	39677	75975336	76083307	3	3	722	3	1	0	3	1	0	2	690	29	3	0	0	block_stitching
chr18	hiphase	10004200	0.9984	3692	6	10219411	10258573	39162	10128558	10258573	2	1	513	3	0	0	1	0	0	3	508	4	1	0	0	repeat_indels_excluded
chr18	hiphase	67343392	0.9981	2658	5	67345610	67384357	38747	67343392	67384357	1	1	610	2	0	0	1	0	0	2	521	83	3	0	4	repeat_indels_excluded
chr18	hiphase	39832987	0.9955	2665	12	39935160	39973702	38542	39905638	39973700	1	1	381	1	1	0	1	0	0	1	376	1	1	0	1	block_stitching
chr18	hiphase	21488582	0.9907	970	9	21640383	21678765	38382	21619561	21678765	2	2	387	7	0	0	2	0	0	8	375	2	8	0	0	repeat_indels_excluded
chr18	hiphase	21488582	0.9907	970	9	21522389	21558542	36153	21488582	21548356	6	5	362	9	1	1	5	1	0	15	345	1	7	0	0	block_stitching
chr18	hiphase	46128191	0.9983	2981	5	46615334	46651195	35861	46539489	46651195	1	1	353	2	0	1	1	0	0	3	348	3	0	0	0	repeat_indels_excluded
chr18	hiphase	3495452	0.9979	4708	10	4508359	4541613	33254	4493618	4541613	2	3	462	7	0	0	1	0	0	11	453	1	4	0	0	repeat_indels_excluded
chr18	hiphase	69411389	0.9988	11220	13	71561883	71594919	33036	71547227	71594919	4	4	527	5	0	0	3	0	0	5	454	75	2	0	0	repeat_indels_excluded
chr18	hiphase	39832987	0.9955	2665	12	40328560	40361262	32702	39973700	40361261	3	2	411	3	2	0	2	1	0	2	406	2	1	0	0	block_stitching
chr18	hiphase	39832987	0.9955	2665	12	39848505	39880829	32324	39832987	39873168	1	2	364	5	1	0	1	1	0	6	351	3	7	1	0	block_stitching
chr18	hiphase	46128191	0.9983	2981	5	46507626	46539401	31775	46320856	46539489	4	4	406	4	1	0	4	1	0	3	396	4	3	0	0	block_stitching
chr18	hiphase	77114009	0.9987	2288	3	77193968	77223392	29424	77114009	77228870	4	3	466	2	1	0	3	1	0	2	414	50	0	1	2	block_stitching
chr18	hiphase	36231419	0.997	2984	9	36252148	36280812	28664	36235931	36280812	2	4	437	4	0	0	3	0	0	4	385	52	1	0	0	repeat_indels_excluded
chr18	hiphase	69411389	0.9988	11220	13	71605658	71633879	28221	71594919	71633879	1	1	383	0	0	1	1	0	0	0	328	49	0	0	6	catalog_site_not_candidate
chr18	hiphase	79885865	0.9961	1029	4	80112858	80140926	28068	79786428	80132526	4	2	386	11	4	0	2	4	0	7	325	45	8	0	2	block_stitching
chr18	hiphase	66398517	0.9934	4097	27	66410727	66438485	27758	66398517	66456446	3	3	404	7	1	0	3	1	0	7	345	55	1	2	0	block_stitching
chr18	hiphase	34919015	0.9979	960	2	35090327	35117939	27612	34955872	35117939	2	2	341	5	0	0	2	0	0	7	325	9	6	2	0	repeat_indels_excluded
chr18	hiphase	69411389	0.9988	11220	13	71814434	71841968	27534	71633879	71843174	2	4	377	5	1	0	2	2	0	4	336	36	2	0	0	block_stitching
chr18	hiphase	48110458	0.9958	4961	21	49305470	49332880	27410	49137144	49332880	2	2	282	3	0	0	2	0	0	3	278	1	0	0	0	repeat_indels_excluded
chr18	hiphase	24580597	0.9995	4443	2	25294184	25321140	26956	25247350	25321140	4	4	367	5	0	0	4	0	0	6	353	4	7	0	0	repeat_indels_excluded
chr18	hiphase	35208862	0.9981	2160	4	35604670	35631103	26433	35235250	35631103	1	1	313	2	0	1	1	0	0	2	300	11	0	1	0	repeat_indels_excluded
chr18	hiphase	24580597	0.9995	4443	2	25336070	25362446	26376	25321140	25362446	2	2	281	0	0	1	2	0	0	0	279	2	0	0	0	catalog_site_not_candidate
chr18	hiphase	55345830	0.999	5738	6	55383963	55409869	25906	55366511	55412710	1	1	333	5	0	0	1	0	0	6	276	58	1	3	1	repeat_indels_excluded
chr18	hiphase	6097849	0.9982	7843	14	7044235	7069860	25625	6704205	7085924	2	1	287	4	0	0	1	0	0	6	281	0	2	0	0	repeat_indels_excluded
chr18	hiphase	66398517	0.9934	4097	27	67206513	67231624	25111	67195500	67229561	4	4	294	3	1	0	4	1	0	4	262	30	1	0	0	block_stitching
chr18	hiphase	39832987	0.9955	2665	12	39880829	39905638	24809	39873168	39905638	2	3	251	3	0	0	3	0	0	3	247	2	0	0	0	repeat_indels_excluded
chr18	hiphase	41756327	0.999	4823	5	42815481	42840222	24741	42062614	42843683	1	1	360	6	0	0	1	0	0	9	353	0	2	0	0	repeat_indels_excluded
chr18	hiphase	34919015	0.9979	960	2	34931140	34955872	24732	34919015	34955872	0	0	295	0	0	0	0	0	0	0	292	3	0	0	0	catalog_site_not_candidate
chr18	hiphase	6097849	0.9982	7843	14	6239326	6263830	24504	6122096	6273770	1	1	275	1	1	0	1	0	1	0	271	3	1	0	0	block_stitching
chr18	hiphase	31707661	0.9981	3219	6	31953111	31977425	24314	31915448	31977425	0	0	313	2	0	0	0	0	0	2	311	1	0	0	0	repeat_indels_excluded
chr18	hiphase	40620955	0.9985	3922	6	41285035	41309305	24270	40633808	41318361	2	1	338	1	0	0	1	0	0	1	333	1	3	0	0	repeat_indels_excluded
chr18	hiphase	66398517	0.9934	4097	27	67171407	67195500	24093	67043163	67195500	1	1	296	4	0	0	1	0	0	4	279	16	2	2	0	repeat_indels_excluded
chr18	hiphase	33179887	0.9932	1177	8	33284122	33308109	23987	33208318	33308109	1	1	266	1	0	0	1	0	0	1	264	0	2	0	0	repeat_indels_excluded
chr18	hiphase	31707661	0.9981	3219	6	31845279	31869217	23938	31707661	31878806	1	1	255	1	0	0	1	0	0	1	231	20	3	0	0	repeat_indels_excluded
chr18	hiphase	27617685	0.9958	4568	19	28353253	28377128	23875	27967338	28377128	0	1	292	2	0	0	1	0	0	2	288	1	1	2	0	repeat_indels_excluded
chr18	hiphase	46128191	0.9983	2981	5	46791163	46814959	23796	46768096	46823790	1	1	290	1	0	0	1	0	0	1	262	30	0	1	0	repeat_indels_excluded
chr18	hiphase	69411389	0.9988	11220	13	71397871	71421324	23453	70068418	71421324	2	2	343	4	0	0	2	0	0	5	282	60	1	2	1	repeat_indels_excluded
chr18	hiphase	2569611	0.9992	3857	3	3237134	3260515	23381	3212542	3260514	0	0	275	7	1	0	0	0	0	8	262	3	5	0	0	block_stitching
chr18	hiphase	66398517	0.9934	4097	27	67020062	67043163	23101	66456446	67043163	1	1	253	1	0	0	1	0	0	2	217	35	0	0	0	repeat_indels_excluded
chr18	hiphase	11654971	1.0	643	0	11777776	11800798	23022	11769792	11804507	2	1	512	5	0	0	1	0	0	6	504	3	2	1	0	repeat_indels_excluded
chr18	hiphase	55345830	0.999	5738	6	56583520	56606341	22821	55817497	56606341	0	0	269	1	0	0	0	0	0	1	234	34	2	0	0	repeat_indels_excluded
chr18	hiphase	56951190	0.9982	2810	5	57036722	57059442	22720	56951190	57059442	1	1	232	1	0	0	1	0	0	1	219	11	1	0	0	repeat_indels_excluded
chr18	hiphase	21488582	0.9907	970	9	21593498	21616061	22563	21548356	21619561	2	2	225	6	0	0	2	0	0	8	217	2	0	0	0	repeat_indels_excluded
chr18	hiphase	200003	0.9996	2565	1	428295	450459	22164	207721	452790	0	0	311	3	0	0	0	1	0	2	270	37	3	1	1	clean_candidate_unphased
chr18	hiphase	56951190	0.9982	2810	5	57571287	57593219	21932	57525284	57593219	0	0	290	1	0	0	0	0	0	1	286	1	3	0	0	repeat_indels_excluded
chr18	hiphase	21144104	0.9961	254	1	21159379	21181242	21863	21144175	21181242	1	2	203	1	0	0	2	0	0	1	199	2	2	0	0	repeat_indels_excluded
chr18	hiphase	75896305	0.998	4583	9	76514398	76536016	21618	76083307	76536016	2	2	264	2	0	0	2	0	0	4	257	4	2	0	0	repeat_indels_excluded
chr18	hiphase	44009495	0.9989	6643	7	44877140	44898629	21489	44478108	44898629	2	2	143	2	0	0	1	0	0	5	138	4	1	2	0	repeat_indels_excluded
chr18	hiphase	44009495	0.9989	6643	7	44927535	44948826	21291	44898629	44953029	0	0	209	2	0	0	0	0	0	2	187	20	1	0	0	repeat_indels_excluded
chr18	hiphase	27617685	0.9958	4568	19	28381906	28403150	21244	28377128	28403150	2	2	238	3	0	0	2	0	0	3	231	2	4	0	0	repeat_indels_excluded
chr18	hiphase	8223642	0.9997	3104	1	8727551	8748220	20669	8241500	8748220	1	1	326	2	0	0	1	0	0	3	258	65	1	0	0	repeat_indels_excluded
chr18	hiphase	73354388	0.999	1008	1	73374650	73395284	20634	73362860	73409032	2	1	282	1	0	0	1	0	0	1	278	2	1	0	0	repeat_indels_excluded
chr18	hiphase	56951190	0.9982	2810	5	57504674	57525284	20610	57163280	57525284	0	0	269	2	0	0	0	0	0	2	244	25	1	0	0	repeat_indels_excluded
chr18	hiphase	46128191	0.9983	2981	5	46743194	46763529	20335	46651195	46768096	0	0	276	0	0	0	0	0	0	0	263	13	0	0	0	catalog_site_not_candidate
chr18	hiphase	69411389	0.9988	11220	13	69923179	69943495	20316	69430905	69946672	1	0	311	2	0	0	0	0	0	4	304	2	3	0	0	repeat_indels_excluded
chr18	hiphase	30433642	0.9992	3738	3	30685822	30706112	20290	30647785	30706112	0	0	322	1	0	0	0	0	0	1	320	1	1	0	0	repeat_indels_excluded
chr18	hiphase	36974943	0.9997	2983	1	37567195	37587399	20204	36974943	37590420	0	0	235	2	0	0	0	0	0	2	232	3	0	0	0	repeat_indels_excluded
chr18	hiphase	77114009	0.9987	2288	3	77584130	77604323	20193	77228870	77607794	1	0	272	1	0	0	0	0	0	1	270	1	1	0	0	repeat_indels_excluded
chr18	hiphase	57679490	0.998	1995	4	57952500	57972626	20126	57679490	57972626	2	6	349	6	0	0	1	1	0	6	257	88	2	2	1	clean_candidate_unphased
chr18	hiphase	73599480	0.9997	5950	2	74695104	74714114	19010	73599480	74714114	1	1	231	2	0	0	1	0	0	2	202	27	1	0	0	repeat_indels_excluded
chr18	hiphase	24212422	0.9993	1388	1	24220278	24239285	19007	24212422	24239285	0	0	249	0	0	0	0	0	0	0	248	1	0	0	0	catalog_site_not_candidate
chr18	hiphase	3495452	0.9979	4708	10	3551268	3570013	18745	3509854	3571529	0	0	296	1	0	0	0	0	0	1	292	0	3	0	0	repeat_indels_excluded
chr18	hiphase	30433642	0.9992	3738	3	30629634	30647785	18151	30438260	30647785	0	0	269	0	0	0	0	0	0	0	269	0	0	0	0	catalog_site_not_candidate
chr18	hiphase	12022695	0.9984	5646	9	12579164	12597282	18118	12022695	12601536	1	1	286	5	0	0	1	0	0	5	274	1	6	0	0	repeat_indels_excluded
chr18	hiphase	11654971	1.0	643	0	11752065	11769792	17727	11655027	11769792	0	0	289	0	0	0	0	0	0	0	287	0	2	0	0	catalog_site_not_candidate
chr18	hiphase	29073424	1.0	307	0	29080751	29098290	17539	29073331	29115539	0	0	216	2	0	0	0	0	0	2	213	0	2	0	0	repeat_indels_excluded
chr18	hiphase	56951190	0.9982	2810	5	57594617	57612062	17445	57593219	57614073	3	1	260	4	0	0	1	0	0	5	247	8	3	1	0	repeat_indels_excluded
chr18	hiphase	6097849	0.9982	7843	14	6104951	6122096	17145	6097849	6122096	0	0	324	0	0	0	0	0	0	0	293	33	0	0	0	catalog_site_not_candidate
chr18	hiphase	30433642	0.9992	3738	3	30792627	30809596	16969	30706112	30815121	1	1	230	2	0	0	1	0	0	2	225	5	2	2	0	repeat_indels_excluded
chr18	hiphase	42997893	0.9957	3980	17	43569523	43586176	16653	43002391	43589564	0	0	150	1	0	0	0	0	0	1	147	0	4	0	0	repeat_indels_excluded
chr18	hiphase	6097849	0.9982	7843	14	7471279	7487456	16177	7292932	7492204	1	1	240	2	0	0	1	0	0	3	237	0	1	0	0	repeat_indels_excluded
chr18	hiphase	24580597	0.9995	4443	2	25231343	25247350	16007	24580597	25247350	0	0	245	3	0	0	0	0	0	4	241	0	2	0	0	repeat_indels_excluded
chr18	hiphase	41756327	0.999	4823	5	42042028	42057968	15940	41941032	42062614	0	1	200	0	0	0	0	0	0	0	125	76	0	0	0	catalog_site_not_candidate
chr18	hiphase	68462253	0.9964	3020	11	68916491	68932410	15919	68462253	68940748	1	1	249	3	0	0	1	0	0	4	245	0	1	0	0	repeat_indels_excluded
chr18	hiphase	47513052	0.9957	466	2	47526089	47541288	15199	47513052	47551145	0	0	239	1	0	0	0	0	0	2	236	0	2	0	0	repeat_indels_excluded
chr18	hiphase	53118629	0.9998	4680	1	53848196	53863331	15135	53141554	53868449	0	0	236	0	0	0	0	0	0	0	210	25	1	0	0	catalog_site_not_candidate
chr18	hiphase	69157687	0.9983	596	1	69215655	69230536	14881	69174716	69230536	1	1	200	2	0	0	0	0	0	2	196	3	4	3	0	repeat_indels_excluded
chr18	hiphase	61731676	1.0	1824	0	61922383	61937244	14861	61734461	61944219	0	1	216	2	0	0	0	0	0	2	213	0	1	0	0	repeat_indels_excluded
chr18	hiphase	48110458	0.9958	4961	21	48170447	48184935	14488	48142494	48191444	2	2	252	3	0	0	2	0	0	4	197	41	13	4	0	repeat_indels_excluded
chr18	hiphase	6097849	0.9982	7843	14	7278483	7292932	14449	7085924	7292932	1	1	234	1	0	0	1	0	0	1	205	26	2	0	0	repeat_indels_excluded
chr18	hiphase	55345830	0.999	5738	6	55797833	55812195	14362	55559039	55817497	0	0	112	2	0	0	0	0	0	2	102	8	0	0	0	repeat_indels_excluded
chr18	hiphase	2569611	0.9992	3857	3	3198494	3212542	14048	2569611	3212542	0	0	232	1	0	0	0	0	0	1	228	1	3	0	0	repeat_indels_excluded
chr18	hiphase	68462253	0.9964	3020	11	69106176	69120118	13942	69014768	69120118	0	0	163	0	0	0	0	0	0	0	163	0	0	0	0	catalog_site_not_candidate
chr18	hiphase	39112586	0.9938	2423	15	39485092	39498938	13846	39112586	39513972	2	1	161	1	0	0	1	0	0	1	141	21	0	1	0	repeat_indels_excluded
chr18	hiphase	48110458	0.9958	4961	21	49112189	49125990	13801	48771192	49137144	0	0	195	0	0	0	0	0	0	0	174	20	1	0	0	catalog_site_not_candidate
chr18	hiphase	22081395	0.9989	3570	4	22722858	22735811	12953	22482754	22736075	1	0	157	2	0	0	0	1	0	1	145	10	1	0	0	clean_candidate_unphased
chr18	hiphase	69411389	0.9988	11220	13	70051931	70064555	12624	69946672	70068418	1	0	130	2	0	0	0	0	0	2	125	4	0	0	0	repeat_indels_excluded
chr18	hiphase	57679490	0.998	1995	4	58045061	58057539	12478	57972626	58060394	3	4	199	2	0	0	3	0	0	2	123	78	3	5	0	repeat_indels_excluded
chr18	hiphase	27617685	0.9958	4568	19	27943937	27956394	12457	27632206	27967338	0	0	129	1	0	0	0	0	0	1	129	0	0	0	0	repeat_indels_excluded
chr18	hiphase	67343392	0.9981	2658	5	67750401	67762458	12057	67384357	67773888	2	2	149	0	0	0	2	0	0	0	132	24	0	0	0	catalog_site_not_candidate
chr18	hiphase	10004200	0.9984	3692	6	10348299	10360029	11730	10258573	10367744	1	1	184	2	0	0	1	0	0	4	157	31	0	2	0	repeat_indels_excluded
chr18	hiphase	75896305	0.998	4583	9	75958166	75969260	11094	75896305	75975336	0	0	162	1	0	0	0	0	0	1	138	24	0	0	0	repeat_indels_excluded
chr18	hiphase	55345830	0.999	5738	6	55535152	55546217	11065	55412710	55559039	2	2	95	3	0	0	2	1	0	3	89	4	0	0	0	clean_candidate_unphased
chr18	hiphase	31707661	0.9981	3219	6	31900133	31910314	10181	31878806	31915448	2	2	118	2	0	0	2	0	0	2	112	2	4	0	0	repeat_indels_excluded
chr18	hiphase	3495452	0.9979	4708	10	4000777	4010219	9442	3571529	4022774	0	0	106	0	0	0	0	0	0	0	105	0	1	0	0	catalog_site_not_candidate
chr18	hiphase	49573649	0.9957	1397	6	49886723	49895979	9256	49697424	49903626	0	0	107	0	0	0	0	0	0	0	98	9	0	1	0	catalog_site_not_candidate
chr18	hiphase	6097849	0.9982	7843	14	6682082	6690544	8462	6405987	6704205	0	0	119	0	0	0	0	0	0	0	98	21	0	0	0	catalog_site_not_candidate
chr18	hiphase	50481019	0.9994	5387	3	51314965	51319128	4163	50487958	51319128	1	1	50	0	0	0	1	0	0	0	50	0	0	0	0	catalog_site_not_candidate
chr18	hiphase	22081395	0.9989	3570	4	22467060	22470438	3378	22089230	22482754	0	0	45	0	0	0	0	0	0	0	39	6	0	0	0	catalog_site_not_candidate
chr18	hiphase	12022695	0.9984	5646	9	12905516	12907687	2171	12601536	12915409	2	2	24	1	0	0	1	0	0	1	18	6	0	0	0	repeat_indels_excluded
chr18	hiphase	3495452	0.9979	4708	10	4479288	4480692	1404	4022774	4493618	1	0	13	0	0	0	0	0	0	0	13	0	0	0	0	catalog_site_not_candidate
chr18	longphase	32875301	0.9966	1162	4	32944987	33000178	55191	32875301	33002423	8	7	566	7	2	0	3	3	0	5	555	4	4	0	0	block_stitching
chr18	longphase	1876402	0.9985	2752	4	1964869	2019428	54559	1908588	2021085	5	5	839	4	1	1	2	1	0	3	829	5	3	0	0	block_stitching
chr18	longphase	49653824	0.9962	1066	4	49666311	49720858	54547	49606675	49697424	5	6	793	7	1	0	2	1	0	9	769	9	11	0	0	block_stitching
chr18	longphase	48142494	0.9969	3828	12	48743213	48789496	46283	48191444	48771192	6	6	693	4	1	1	3	1	0	3	680	8	5	0	0	block_stitching
chr18	longphase	41756327	0.9993	4578	3	41883050	41928801	45751	41756515	41941032	7	6	538	6	1	1	4	3	0	4	526	6	2	0	0	block_stitching
chr18	longphase	44009495	0.9987	3844	5	44432563	44478108	45545	44009495	44478108	5	6	589	2	0	0	3	0	0	3	525	65	0	0	0	repeat_indels_excluded
chr18	longphase	62764377	0.9964	2759	10	62903312	62947238	43926	62789327	62947238	5	4	488	11	1	0	3	4	0	8	467	2	11	0	0	block_stitching
chr18	longphase	36280812	0.9992	2658	2	36417754	36459224	41470	36280812	36459224	9	9	643	3	1	1	5	1	0	2	602	41	3	0	0	block_stitching
chr18	longphase	75896305	0.9951	4530	22	76043630	76083307	39677	75975336	76083307	3	3	722	3	1	0	2	1	0	2	690	29	3	0	0	block_stitching
chr18	longphase	10115267	0.9997	3129	1	10219411	10258573	39162	10128558	10258573	2	1	513	3	0	0	1	0	0	3	508	4	1	0	0	repeat_indels_excluded
chr18	longphase	34460191	0.9912	1370	12	34484318	34523018	38700	34476503	34523018	5	6	426	5	1	1	2	1	0	4	419	3	2	0	0	block_stitching
chr18	longphase	36000265	0.9974	389	1	36030984	36067980	36996	36000263	36067980	1	1	559	2	0	1	1	0	0	2	494	64	1	2	0	repeat_indels_excluded
chr18	longphase	21488582	0.991	445	4	21522389	21558542	36153	21488582	21548356	6	5	362	9	1	1	3	1	0	15	345	1	7	0	0	block_stitching
chr18	longphase	46539401	1.0	997	0	46615334	46651195	35861	46539489	46651195	1	1	353	2	0	1	1	0	0	3	348	3	0	0	0	repeat_indels_excluded
chr18	longphase	77114009	0.999	1973	2	77193968	77223392	29424	77114009	77228870	4	3	466	2	1	0	1	1	0	2	414	50	0	1	2	block_stitching
chr18	longphase	46814959	0.9964	1403	5	46866454	46894800	28346	46823790	46894800	1	1	339	4	0	0	1	1	0	3	334	0	2	0	0	clean_candidate_unphased
chr18	longphase	71594919	1.0	1696	0	71605658	71633879	28221	71594919	71633879	1	1	383	0	0	1	1	0	0	0	328	49	0	0	6	catalog_site_not_candidate
chr18	longphase	71594919	1.0	1696	0	71814434	71841968	27534	71633879	71843174	2	4	377	5	1	0	1	2	0	4	336	36	2	0	0	block_stitching
chr18	longphase	35221325	0.9976	2111	5	35604670	35631103	26433	35235250	35631103	1	1	313	2	0	1	1	0	0	2	300	11	0	1	0	repeat_indels_excluded
chr18	longphase	25321140	0.9992	1267	1	25336070	25362446	26376	25321140	25362446	2	2	281	0	0	1	1	0	0	0	279	2	0	0	0	catalog_site_not_candidate
chr18	longphase	34919015	0.9975	796	2	34931140	34955872	24732	34919015	34955872	0	0	295	0	0	0	0	0	0	0	292	3	0	0	0	catalog_site_not_candidate
chr18	longphase	6097849	0.9973	1125	3	6239326	6263830	24504	6122096	6273770	1	1	275	1	1	0	0	0	1	0	271	3	1	0	0	block_stitching
chr18	longphase	31869217	0.9975	2401	6	31953111	31977425	24314	31915448	31977425	0	0	313	2	0	0	0	0	0	2	311	1	0	0	0	repeat_indels_excluded
chr18	longphase	40631631	0.9992	3767	3	41285035	41309305	24270	40633808	41318361	2	1	338	1	0	0	1	0	0	1	333	1	3	0	0	repeat_indels_excluded
chr18	longphase	33197503	0.9922	765	6	33284122	33308109	23987	33208318	33308109	1	1	266	1	0	0	1	0	0	1	264	0	2	0	0	repeat_indels_excluded
chr18	longphase	27617685	0.9979	3322	7	28353253	28377128	23875	27967338	28377128	0	1	292	2	0	0	0	0	0	2	288	1	1	2	0	repeat_indels_excluded
chr18	longphase	62638018	0.9967	299	1	62647920	62671337	23417	62638018	62673933	4	4	310	2	0	1	1	0	0	4	308	0	0	0	0	repeat_indels_excluded
chr18	longphase	2569611	0.9992	3843	3	3237134	3260515	23381	3212542	3260514	0	0	275	7	1	0	0	0	0	8	262	3	5	0	0	block_stitching
chr18	longphase	55409893	0.9976	5427	13	56583520	56606341	22821	55817497	56606341	0	0	269	1	0	0	0	0	0	1	234	34	2	0	0	repeat_indels_excluded
chr18	longphase	71995271	1.0	2684	0	72549073	72571538	22465	72279117	72571538	0	0	377	0	0	0	0	0	0	0	268	109	0	0	0	catalog_site_not_candidate
chr18	longphase	202911	0.9996	2579	1	428295	450459	22164	207721	452790	0	0	311	3	0	0	0	1	0	2	270	37	3	1	1	clean_candidate_unphased
chr18	longphase	75896305	0.9951	4530	22	76514398	76536016	21618	76083307	76536016	2	2	264	2	0	0	0	0	0	4	257	4	2	0	0	repeat_indels_excluded
chr18	longphase	44898629	0.9993	2766	2	44927535	44948826	21291	44898629	44953029	0	0	209	2	0	0	0	0	0	2	187	20	1	0	0	repeat_indels_excluded
chr18	longphase	57163280	0.9982	1652	3	57504674	57525284	20610	57163280	57525284	0	0	269	2	0	0	0	0	0	2	244	25	1	0	0	repeat_indels_excluded
chr18	longphase	78604071	0.999	1941	2	78711637	78732192	20555	78604071	78732192	2	1	440	2	0	0	1	1	0	1	435	1	2	0	0	clean_candidate_unphased
chr18	longphase	46539401	1.0	997	0	46743194	46763529	20335	46651195	46768096	0	0	276	0	0	0	0	0	0	0	263	13	0	0	0	catalog_site_not_candidate
chr18	longphase	30433642	0.9993	2963	2	30685822	30706112	20290	30647785	30706112	0	0	322	1	0	0	0	0	0	1	320	1	1	0	0	repeat_indels_excluded
chr18	longphase	57679490	0.997	1987	6	57952500	57972626	20126	57679490	57972626	2	6	349	6	0	0	2	1	0	6	257	88	2	2	1	clean_candidate_unphased
chr18	longphase	14039815	1.0	2529	0	14081520	14101176	19656	14041525	14101176	0	0	315	0	0	0	0	0	0	0	301	14	0	0	0	catalog_site_not_candidate
chr18	longphase	982981	1.0	1325	0	1210782	1230274	19492	983043	1232216	1	1	271	0	0	0	0	0	0	0	243	32	1	4	0	catalog_site_not_candidate
chr18	longphase	1876402	0.9985	2752	4	2191203	2210508	19305	2071074	2210508	1	1	224	2	0	0	0	0	0	2	203	19	0	0	0	repeat_indels_excluded
chr18	longphase	73599480	0.9997	5777	2	74695104	74714114	19010	73599480	74714114	1	1	231	2	0	0	0	0	0	2	202	27	1	0	0	repeat_indels_excluded
chr18	longphase	24212422	0.9993	1388	1	24220278	24239285	19007	24212422	24239285	0	0	249	0	0	0	0	0	0	0	248	1	0	0	0	catalog_site_not_candidate
chr18	longphase	3509854	0.9988	4178	5	3551268	3570013	18745	3509854	3571529	0	0	296	1	0	0	0	0	0	1	292	0	3	0	0	repeat_indels_excluded
chr18	longphase	30433642	0.9993	2963	2	30629634	30647785	18151	30438260	30647785	0	0	269	0	0	0	0	0	0	0	269	0	0	0	0	catalog_site_not_candidate
chr18	longphase	12022695	0.9993	5544	4	12579164	12597282	18118	12022695	12601536	1	1	286	5	0	0	0	0	0	5	274	1	6	0	0	repeat_indels_excluded
chr18	longphase	26385292	0.9985	4074	6	26710120	26728156	18036	26385292	26734360	0	0	177	0	0	0	0	0	0	0	171	5	1	0	0	catalog_site_not_candidate
chr18	longphase	35692405	0.9919	492	4	35759574	35777488	17914	35720289	35777488	2	2	242	2	0	0	1	0	0	2	230	10	2	2	0	repeat_indels_excluded
chr18	longphase	11655027	1.0	526	0	11752065	11769792	17727	11655027	11769792	0	0	289	0	0	0	0	0	0	0	287	0	2	0	0	catalog_site_not_candidate
chr18	longphase	29073424	1.0	307	0	29080751	29098290	17539	29073331	29115539	0	0	216	2	0	0	0	0	0	2	213	0	2	0	0	repeat_indels_excluded
chr18	longphase	57593219	0.9904	209	2	57594617	57612062	17445	57593219	57614073	3	1	260	4	0	0	0	0	0	5	247	8	3	1	0	repeat_indels_excluded
chr18	longphase	6097849	0.9973	1125	3	6104951	6122096	17145	6097849	6122096	0	0	324	0	0	0	0	0	0	0	293	33	0	0	0	catalog_site_not_candidate
chr18	longphase	30433642	0.9993	2963	2	30792627	30809596	16969	30706112	30815121	1	1	230	2	0	0	0	0	0	2	225	5	2	2	0	repeat_indels_excluded
chr18	longphase	54178201	0.998	4081	8	54820362	54837198	16836	54178201	54848199	3	3	194	5	0	0	0	0	0	5	190	0	1	0	0	repeat_indels_excluded
chr18	longphase	43002391	0.996	3757	15	43569523	43586176	16653	43002391	43589564	0	0	150	1	0	0	0	0	0	1	147	0	4	0	0	repeat_indels_excluded
chr18	longphase	24580597	0.9997	3125	1	25231343	25247350	16007	24580597	25247350	0	0	245	3	0	0	0	0	0	4	241	0	2	0	0	repeat_indels_excluded
chr18	longphase	41756327	0.9993	4578	3	42042028	42057968	15940	41941032	42062614	0	1	200	0	0	0	0	0	0	0	125	76	0	0	0	catalog_site_not_candidate
chr18	longphase	47513052	0.9952	418	2	47526089	47541288	15199	47513052	47551145	0	0	239	1	0	0	0	0	0	2	236	0	2	0	0	repeat_indels_excluded
chr18	longphase	53118629	0.9998	4678	1	53848196	53863331	15135	53141554	53868449	0	0	236	0	0	0	0	0	0	0	210	25	1	0	0	catalog_site_not_candidate
chr18	longphase	61734461	1.0	1793	0	61922383	61937244	14861	61734461	61944219	0	1	216	2	0	0	0	0	0	2	213	0	1	0	0	repeat_indels_excluded
chr18	longphase	48142494	0.9969	3828	12	48170447	48184935	14488	48142494	48191444	2	2	252	3	0	0	0	0	0	4	197	41	13	4	0	repeat_indels_excluded
chr18	longphase	7085924	0.9937	1596	10	7278483	7292932	14449	7085924	7292932	1	1	234	1	0	0	0	0	0	1	205	26	2	0	0	repeat_indels_excluded
chr18	longphase	55409893	0.9976	5427	13	55797833	55812195	14362	55559039	55817497	0	0	112	2	0	0	0	0	0	2	102	8	0	0	0	repeat_indels_excluded
chr18	longphase	2569611	0.9992	3843	3	3198494	3212542	14048	2569611	3212542	0	0	232	1	0	0	0	0	0	1	228	1	3	0	0	repeat_indels_excluded
chr18	longphase	68998792	1.0	714	0	69106176	69120118	13942	69014768	69120118	0	0	163	0	0	0	0	0	0	0	163	0	0	0	0	catalog_site_not_candidate
chr18	longphase	79640337	0.996	752	3	79791433	79804402	12969	79643588	79786428	0	0	283	0	0	0	0	0	0	0	241	40	0	0	2	catalog_site_not_candidate
chr18	longphase	22089230	0.9989	3533	4	22722858	22735811	12953	22482754	22736075	1	0	157	2	0	0	0	1	0	1	145	10	1	0	0	clean_candidate_unphased
chr18	longphase	69946672	0.9991	6490	6	70051931	70064555	12624	69946672	70068418	1	0	130	2	0	0	0	0	0	2	125	4	0	0	0	repeat_indels_excluded
chr18	longphase	57679490	0.997	1987	6	58045061	58057539	12478	57972626	58060394	3	4	199	2	0	0	0	0	0	2	123	78	3	5	0	repeat_indels_excluded
chr18	longphase	27617685	0.9979	3322	7	27943937	27956394	12457	27632206	27967338	0	0	129	1	0	0	0	0	0	1	129	0	0	0	0	repeat_indels_excluded
chr18	longphase	79194072	0.9941	1024	6	79322663	79334880	12217	79194072	79347170	0	0	174	2	0	0	0	0	0	2	170	1	2	0	0	repeat_indels_excluded
chr18	longphase	67384357	0.9964	2486	9	67750401	67762458	12057	67384357	67773888	2	2	149	0	0	0	0	0	0	0	132	24	0	0	0	catalog_site_not_candidate
chr18	longphase	78604071	0.999	1941	2	79077545	79089413	11868	78732192	79089412	2	0	184	1	0	0	0	0	0	2	183	1	0	0	0	repeat_indels_excluded
chr18	longphase	10115267	0.9997	3129	1	10348299	10360029	11730	10258573	10367744	1	1	184	2	0	0	0	0	0	4	157	31	0	2	0	repeat_indels_excluded
chr18	longphase	1876402	0.9985	2752	4	2059597	2071074	11477	2021085	2071074	0	0	196	0	0	0	0	0	0	0	187	7	2	0	0	catalog_site_not_candidate
chr18	longphase	75896305	0.9951	4530	22	75958166	75969260	11094	75896305	75975336	0	0	162	1	0	0	0	0	0	1	138	24	0	0	0	repeat_indels_excluded
chr18	longphase	55409893	0.9976	5427	13	55535152	55546217	11065	55412710	55559039	2	2	95	3	0	0	1	1	0	3	89	4	0	0	0	clean_candidate_unphased
chr18	longphase	31869217	0.9975	2401	6	31900133	31910314	10181	31878806	31915448	2	2	118	2	0	0	0	0	0	2	112	2	4	0	0	repeat_indels_excluded
chr18	longphase	71995271	1.0	2684	0	72259934	72270013	10079	71995271	72279117	0	0	136	0	0	0	0	0	0	0	135	0	1	0	0	catalog_site_not_candidate
chr18	longphase	3509854	0.9988	4178	5	4000777	4010219	9442	3571529	4022774	0	0	106	0	0	0	0	0	0	0	105	0	1	0	0	catalog_site_not_candidate
chr18	longphase	49653824	0.9962	1066	4	49886723	49895979	9256	49697424	49903626	0	0	107	0	0	0	0	0	0	0	98	9	0	1	0	catalog_site_not_candidate
chr18	longphase	6398154	0.9997	2897	1	6682082	6690544	8462	6405987	6704205	0	0	119	0	0	0	0	0	0	0	98	21	0	0	0	catalog_site_not_candidate
chr18	longphase	14039815	1.0	2529	0	14429309	14435353	6044	14101176	14435352	0	0	487	0	1	0	0	0	0	0	486	0	0	0	0	block_stitching
chr18	longphase	50481019	0.9996	4761	2	51314965	51319128	4163	50487958	51319128	1	1	50	0	0	0	1	0	0	0	50	0	0	0	0	catalog_site_not_candidate
chr18	longphase	22089230	0.9989	3533	4	22467060	22470438	3378	22089230	22482754	0	0	45	0	0	0	0	0	0	0	39	6	0	0	0	catalog_site_not_candidate
chr18	longphase	12022695	0.9993	5544	4	12905516	12907687	2171	12601536	12915409	2	2	24	1	0	0	1	0	0	1	18	6	0	0	0	repeat_indels_excluded
chr18	longphase	3509854	0.9988	4178	5	4479288	4480692	1404	4022774	4493618	1	0	13	0	0	0	0	0	0	0	13	0	0	0	0	catalog_site_not_candidate
chr18	whatshap	46128191	0.9977	2665	6	46185393	46302851	117458	46129116	46320856	17	16	1510	21	2	2	11	2	0	24	1466	8	27	2	0	block_stitching
chr18	whatshap	51807747	1.0	3517	0	52053305	52147183	93878	51807747	52156413	6	6	1212	4	2	3	6	2	0	2	1193	10	6	0	0	block_stitching
chr18	whatshap	6097849	0.9982	7771	14	6325477	6398154	72677	6273770	6405987	7	7	969	9	2	0	7	1	1	7	949	4	8	0	1	block_stitching
chr18	whatshap	32875301	0.9976	1229	3	32944987	33000178	55191	32875301	33002423	8	7	566	7	2	0	5	3	0	5	555	4	4	0	0	block_stitching
chr18	whatshap	1876124	0.9996	2710	1	1964869	2019428	54559	1908588	2021085	5	5	839	4	1	1	4	1	0	3	829	5	3	0	0	block_stitching
chr18	whatshap	49573649	0.992	1371	11	49666311	49720858	54547	49606675	49697424	5	6	793	7	1	0	6	1	0	9	769	9	11	0	0	block_stitching
chr18	whatshap	53118629	0.999	8788	9	54125296	54178201	52905	53868449	54178201	2	2	788	4	0	0	2	0	0	4	761	25	2	1	0	repeat_indels_excluded
chr18	whatshap	56951190	0.9964	2794	10	57126737	57179488	52751	57059442	57163280	3	3	639	6	1	0	3	1	0	6	625	3	7	0	0	block_stitching
chr18	whatshap	41756327	0.9985	4784	7	41883050	41928801	45751	41756515	41941032	7	6	538	6	1	1	5	3	0	4	526	6	2	0	0	block_stitching
chr18	whatshap	62764377	0.9954	2802	13	62903312	62947238	43926	62789327	62947238	5	4	488	11	1	0	4	4	0	8	467	2	11	0	0	block_stitching
chr18	whatshap	78049807	0.996	4048	16	78560878	78603148	42270	78068337	78604071	3	3	747	6	0	0	3	0	0	7	740	3	0	0	0	repeat_indels_excluded
chr18	whatshap	75896305	0.9987	4506	6	76043630	76083307	39677	75975336	76083307	3	3	722	3	1	0	3	1	0	2	690	29	3	0	0	block_stitching
chr18	whatshap	10115267	0.9984	3201	5	10219411	10258573	39162	10128558	10258573	2	1	513	3	0	0	1	0	0	3	508	4	1	0	0	repeat_indels_excluded
chr18	whatshap	67343392	0.9992	2643	2	67345610	67384357	38747	67343392	67384357	1	1	610	2	0	0	1	0	0	2	521	83	3	0	4	repeat_indels_excluded
chr18	whatshap	46128191	0.9977	2665	6	46615334	46651195	35861	46539489	46651195	1	1	353	2	0	1	1	0	0	3	348	3	0	0	0	repeat_indels_excluded
chr18	whatshap	3509854	0.9967	4615	15	4508359	4541613	33254	4493618	4541613	2	3	462	7	0	0	2	0	0	11	453	1	4	0	0	repeat_indels_excluded
chr18	whatshap	46128191	0.9977	2665	6	46507626	46539401	31775	46320856	46539489	4	4	406	4	1	0	4	1	0	3	396	4	3	0	0	block_stitching
chr18	whatshap	77114009	0.9943	2296	13	77193968	77223392	29424	77114009	77228870	4	3	466	2	1	0	2	1	0	2	414	50	0	1	2	block_stitching
chr18	whatshap	66398517	0.994	4002	24	66410727	66438485	27758	66398517	66456446	3	3	404	7	1	0	3	1	0	7	345	55	1	2	0	block_stitching
chr18	whatshap	24580597	0.9998	4417	1	25294184	25321140	26956	25247350	25321140	4	4	367	5	0	0	4	0	0	6	353	4	7	0	0	repeat_indels_excluded
chr18	whatshap	35221325	0.9986	2096	3	35604670	35631103	26433	35235250	35631103	1	1	313	2	0	1	1	0	0	2	300	11	0	1	0	repeat_indels_excluded
chr18	whatshap	24580597	0.9998	4417	1	25336070	25362446	26376	25321140	25362446	2	2	281	0	0	1	2	0	0	0	279	2	0	0	0	catalog_site_not_candidate
chr18	whatshap	6097849	0.9982	7771	14	7044235	7069860	25625	6704205	7085924	2	1	287	4	0	0	1	0	0	6	281	0	2	0	0	repeat_indels_excluded
chr18	whatshap	66398517	0.994	4002	24	67206513	67231624	25111	67195500	67229561	4	4	294	3	1	0	4	1	0	4	262	30	1	0	0	block_stitching
chr18	whatshap	41756327	0.9985	4784	7	42815481	42840222	24741	42062614	42843683	1	1	360	6	0	0	1	0	0	9	353	0	2	0	0	repeat_indels_excluded
chr18	whatshap	34919015	0.9975	790	2	34931140	34955872	24732	34919015	34955872	0	0	295	0	0	0	0	0	0	0	292	3	0	0	0	catalog_site_not_candidate
chr18	whatshap	6097849	0.9982	7771	14	6239326	6263830	24504	6122096	6273770	1	1	275	1	1	0	1	0	1	0	271	3	1	0	0	block_stitching
chr18	whatshap	31707661	0.999	3140	3	31953111	31977425	24314	31915448	31977425	0	0	313	2	0	0	0	0	0	2	311	1	0	0	0	repeat_indels_excluded
chr18	whatshap	40631631	0.999	3831	4	41285035	41309305	24270	40633808	41318361	2	1	338	1	0	0	1	0	0	1	333	1	3	0	0	repeat_indels_excluded
chr18	whatshap	66398517	0.994	4002	24	67171407	67195500	24093	67043163	67195500	1	1	296	4	0	0	0	0	0	4	279	16	2	2	0	repeat_indels_excluded
chr18	whatshap	31707661	0.999	3140	3	31845279	31869217	23938	31707661	31878806	1	1	255	1	0	0	1	0	0	1	231	20	3	0	0	repeat_indels_excluded
chr18	whatshap	27617685	0.9967	4506	15	28353253	28377128	23875	27967338	28377128	0	1	292	2	0	0	1	0	0	2	288	1	1	2	0	repeat_indels_excluded
chr18	whatshap	2569611	1.0	3829	0	3237134	3260515	23381	3212542	3260514	0	0	275	7	1	0	0	0	0	8	262	3	5	0	0	block_stitching
chr18	whatshap	66398517	0.994	4002	24	67020062	67043163	23101	66456446	67043163	1	1	253	1	0	0	0	0	0	2	217	35	0	0	0	repeat_indels_excluded
chr18	whatshap	55409869	0.9982	5441	10	56583520	56606341	22821	55817497	56606341	0	0	269	1	0	0	0	0	0	1	234	34	2	0	0	repeat_indels_excluded
chr18	whatshap	56951190	0.9964	2794	10	57036722	57059442	22720	56951190	57059442	1	1	232	1	0	0	1	0	0	1	219	11	1	0	0	repeat_indels_excluded
chr18	whatshap	71995271	1.0	2690	0	72549073	72571538	22465	72279117	72571538	0	0	377	0	0	0	0	0	0	0	268	109	0	0	0	catalog_site_not_candidate
chr18	whatshap	200003	1.0	2516	0	428295	450459	22164	207721	452790	0	0	311	3	0	0	0	1	0	2	270	37	3	1	1	clean_candidate_unphased
chr18	whatshap	56951190	0.9964	2794	10	57571287	57593219	21932	57525284	57593219	0	0	290	1	0	0	0	0	0	1	286	1	3	0	0	repeat_indels_excluded
chr18	whatshap	75896305	0.9987	4506	6	76514398	76536016	21618	76083307	76536016	2	2	264	2	0	0	1	0	0	4	257	4	2	0	0	repeat_indels_excluded
chr18	whatshap	27617685	0.9967	4506	15	28381906	28403150	21244	28377128	28403150	2	2	238	3	0	0	2	0	0	3	231	2	4	0	0	repeat_indels_excluded
chr18	whatshap	73352401	0.999	999	1	73374650	73395284	20634	73362860	73409032	2	1	282	1	0	0	1	0	0	1	278	2	1	0	0	repeat_indels_excluded
chr18	whatshap	56951190	0.9964	2794	10	57504674	57525284	20610	57163280	57525284	0	0	269	2	0	0	0	0	0	2	244	25	1	0	0	repeat_indels_excluded
chr18	whatshap	78049807	0.996	4048	16	78711637	78732192	20555	78604071	78732192	2	1	440	2	0	0	1	1	0	1	435	1	2	0	0	clean_candidate_unphased
chr18	whatshap	46128191	0.9977	2665	6	46743194	46763529	20335	46651195	46768096	0	0	276	0	0	0	0	0	0	0	263	13	0	0	0	catalog_site_not_candidate
chr18	whatshap	69411389	0.9976	8728	21	69923179	69943495	20316	69430905	69946672	1	0	311	2	0	0	0	0	0	4	304	2	3	0	0	repeat_indels_excluded
chr18	whatshap	30433642	0.9989	3711	4	30685822	30706112	20290	30647785	30706112	0	0	322	1	0	0	0	0	0	1	320	1	1	0	0	repeat_indels_excluded
chr18	whatshap	36974943	0.9993	2967	2	37567195	37587399	20204	36974943	37590420	0	0	235	2	0	0	0	0	0	2	232	3	0	0	0	repeat_indels_excluded
chr18	whatshap	77114009	0.9943	2296	13	77584130	77604323	20193	77228870	77607794	1	0	272	1	0	0	0	0	0	1	270	1	1	0	0	repeat_indels_excluded
chr18	whatshap	57679490	0.995	1981	10	57952500	57972626	20126	57679490	57972626	2	6	349	6	0	0	4	1	0	6	257	88	2	2	1	clean_candidate_unphased
chr18	whatshap	14039815	0.9946	2396	13	14081520	14101176	19656	14041525	14101176	0	0	315	0	0	0	0	0	0	0	301	14	0	0	0	catalog_site_not_candidate
chr18	whatshap	1876124	0.9996	2710	1	2191203	2210508	19305	2071074	2210508	1	1	224	2	0	0	1	0	0	2	203	19	0	0	0	repeat_indels_excluded
chr18	whatshap	73599480	0.9976	5907	14	74695104	74714114	19010	73599480	74714114	1	1	231	2	0	0	0	0	0	2	202	27	1	0	0	repeat_indels_excluded
chr18	whatshap	24212422	1.0	1384	0	24220278	24239285	19007	24212422	24239285	0	0	249	0	0	0	0	0	0	0	248	1	0	0	0	catalog_site_not_candidate
chr18	whatshap	3509854	0.9967	4615	15	3551268	3570013	18745	3509854	3571529	0	0	296	1	0	0	0	0	0	1	292	0	3	0	0	repeat_indels_excluded
chr18	whatshap	30433642	0.9989	3711	4	30629634	30647785	18151	30438260	30647785	0	0	269	0	0	0	0	0	0	0	269	0	0	0	0	catalog_site_not_candidate
chr18	whatshap	12022695	0.9987	5569	7	12579164	12597282	18118	12022695	12601536	1	1	286	5	0	0	1	0	0	5	274	1	6	0	0	repeat_indels_excluded
chr18	whatshap	35692405	1.0	494	0	35759574	35777488	17914	35720289	35777488	2	2	242	2	0	0	1	0	0	2	230	10	2	2	0	repeat_indels_excluded
chr18	whatshap	11654971	1.0	538	0	11752065	11769792	17727	11655027	11769792	0	0	289	0	0	0	0	0	0	0	287	0	2	0	0	catalog_site_not_candidate
chr18	whatshap	29073424	1.0	307	0	29080751	29098290	17539	29073331	29115539	0	0	216	2	0	0	0	0	0	2	213	0	2	0	0	repeat_indels_excluded
chr18	whatshap	56951190	0.9964	2794	10	57594617	57612062	17445	57593219	57614073	3	1	260	4	0	0	1	0	0	5	247	8	3	1	0	repeat_indels_excluded
chr18	whatshap	6097849	0.9982	7771	14	6104951	6122096	17145	6097849	6122096	0	0	324	0	0	0	0	0	0	0	293	33	0	0	0	catalog_site_not_candidate
chr18	whatshap	30433642	0.9989	3711	4	30792627	30809596	16969	30706112	30815121	1	1	230	2	0	0	0	0	0	2	225	5	2	2	0	repeat_indels_excluded
chr18	whatshap	53118629	0.999	8788	9	54820362	54837198	16836	54178201	54848199	3	3	194	5	0	0	3	0	0	5	190	0	1	0	0	repeat_indels_excluded
chr18	whatshap	42997893	0.9973	3687	10	43569523	43586176	16653	43002391	43589564	0	0	150	1	0	0	0	0	0	1	147	0	4	0	0	repeat_indels_excluded
chr18	whatshap	6097849	0.9982	7771	14	7471279	7487456	16177	7292932	7492204	1	1	240	2	0	0	1	0	0	3	237	0	1	0	0	repeat_indels_excluded
chr18	whatshap	24580597	0.9998	4417	1	25231343	25247350	16007	24580597	25247350	0	0	245	3	0	0	0	0	0	4	241	0	2	0	0	repeat_indels_excluded
chr18	whatshap	41756327	0.9985	4784	7	42042028	42057968	15940	41941032	42062614	0	1	200	0	0	0	1	0	0	0	125	76	0	0	0	catalog_site_not_candidate
chr18	whatshap	68462253	0.9995	2180	1	68916491	68932410	15919	68462253	68940748	1	1	249	3	0	0	1	0	0	4	245	0	1	0	0	repeat_indels_excluded
chr18	whatshap	53118629	0.999	8788	9	53848196	53863331	15135	53141554	53868449	0	0	236	0	0	0	0	0	0	0	210	25	1	0	0	catalog_site_not_candidate
chr18	whatshap	69157687	0.9916	594	5	69215655	69230536	14881	69174716	69230536	1	1	200	2	0	0	1	0	0	2	196	3	4	3	0	repeat_indels_excluded
chr18	whatshap	6097849	0.9982	7771	14	7278483	7292932	14449	7085924	7292932	1	1	234	1	0	0	0	0	0	1	205	26	2	0	0	repeat_indels_excluded
chr18	whatshap	55409869	0.9982	5441	10	55797833	55812195	14362	55559039	55817497	0	0	112	2	0	0	0	0	0	2	102	8	0	0	0	repeat_indels_excluded
chr18	whatshap	2569611	1.0	3829	0	3198494	3212542	14048	2569611	3212542	0	0	232	1	0	0	0	0	0	1	228	1	3	0	0	repeat_indels_excluded
chr18	whatshap	68981669	0.9987	781	1	69106176	69120118	13942	69014768	69120118	0	0	163	0	0	0	0	0	0	0	163	0	0	0	0	catalog_site_not_candidate
chr18	whatshap	22081395	0.9997	3546	1	22722858	22735811	12953	22482754	22736075	1	0	157	2	0	0	0	1	0	1	145	10	1	0	0	clean_candidate_unphased
chr18	whatshap	69411389	0.9976	8728	21	70051931	70064555	12624	69946672	70068418	1	0	130	2	0	0	0	0	0	2	125	4	0	0	0	repeat_indels_excluded
chr18	whatshap	57679490	0.995	1981	10	58045061	58057539	12478	57972626	58060394	3	4	199	2	0	0	1	0	0	2	123	78	3	5	0	repeat_indels_excluded
chr18	whatshap	27617685	0.9967	4506	15	27943937	27956394	12457	27632206	27967338	0	0	129	1	0	0	0	0	0	1	129	0	0	0	0	repeat_indels_excluded
chr18	whatshap	79194072	0.9915	1054	9	79322663	79334880	12217	79194072	79347170	0	0	174	2	0	0	0	0	0	2	170	1	2	0	0	repeat_indels_excluded
chr18	whatshap	67343392	0.9992	2643	2	67750401	67762458	12057	67384357	67773888	2	2	149	0	0	0	1	0	0	0	132	24	0	0	0	catalog_site_not_candidate
chr18	whatshap	78049807	0.996	4048	16	79077545	79089413	11868	78732192	79089412	2	0	184	1	0	0	0	0	0	2	183	1	0	0	0	repeat_indels_excluded
chr18	whatshap	10115267	0.9984	3201	5	10348299	10360029	11730	10258573	10367744	1	1	184	2	0	0	0	0	0	4	157	31	0	2	0	repeat_indels_excluded
chr18	whatshap	1876124	0.9996	2710	1	2059597	2071074	11477	2021085	2071074	0	0	196	0	0	0	0	0	0	0	187	7	2	0	0	catalog_site_not_candidate
chr18	whatshap	75896305	0.9987	4506	6	75958166	75969260	11094	75896305	75975336	0	0	162	1	0	0	0	0	0	1	138	24	0	0	0	repeat_indels_excluded
chr18	whatshap	55409869	0.9982	5441	10	55535152	55546217	11065	55412710	55559039	2	2	95	3	0	0	1	1	0	3	89	4	0	0	0	clean_candidate_unphased
chr18	whatshap	31707661	0.999	3140	3	31900133	31910314	10181	31878806	31915448	2	2	118	2	0	0	1	0	0	2	112	2	4	0	0	repeat_indels_excluded
chr18	whatshap	71995271	1.0	2690	0	72259934	72270013	10079	71995271	72279117	0	0	136	0	0	0	0	0	0	0	135	0	1	0	0	catalog_site_not_candidate
chr18	whatshap	3509854	0.9967	4615	15	4000777	4010219	9442	3571529	4022774	0	0	106	0	0	0	0	0	0	0	105	0	1	0	0	catalog_site_not_candidate
chr18	whatshap	49573649	0.992	1371	11	49886723	49895979	9256	49697424	49903626	0	0	107	0	0	0	0	0	0	0	98	9	0	1	0	catalog_site_not_candidate
chr18	whatshap	6097849	0.9982	7771	14	6682082	6690544	8462	6405987	6704205	0	0	119	0	0	0	0	0	0	0	98	21	0	0	0	catalog_site_not_candidate
chr18	whatshap	14039815	0.9946	2396	13	14429309	14435353	6044	14101176	14435352	0	0	487	0	1	0	0	0	0	0	486	0	0	0	0	block_stitching
chr18	whatshap	50481019	0.9987	5354	7	51314965	51319128	4163	50487958	51319128	1	1	50	0	0	0	1	0	0	0	50	0	0	0	0	catalog_site_not_candidate
chr18	whatshap	22081395	0.9997	3546	1	22467060	22470438	3378	22089230	22482754	0	0	45	0	0	0	0	0	0	0	39	6	0	0	0	catalog_site_not_candidate
chr18	whatshap	12022695	0.9987	5569	7	12905516	12907687	2171	12601536	12915409	2	2	24	1	0	0	2	0	0	1	18	6	0	0	0	repeat_indels_excluded
chr18	whatshap	3509854	0.9967	4615	15	4479288	4480692	1404	4022774	4493618	1	0	13	0	0	0	0	0	0	0	13	0	0	0	0	catalog_site_not_candidate
chr18	whatshap_opt	46128191	0.9977	2664	6	46185393	46302851	117458	46129116	46320856	17	16	1510	21	2	2	11	2	0	24	1466	8	27	2	0	block_stitching
chr18	whatshap_opt	71421324	0.9983	1729	3	71439208	71538123	98915	71421324	71547227	8	7	1493	14	6	0	5	4	3	12	1291	192	5	1	1	block_stitching
chr18	whatshap_opt	51807747	1.0	3517	0	52053305	52147183	93878	51807747	52156413	6	6	1212	4	2	3	6	2	0	2	1193	10	6	0	0	block_stitching
chr18	whatshap_opt	6097849	0.9982	7786	14	6325477	6398154	72677	6273770	6405987	7	7	969	9	2	0	7	1	1	7	949	4	8	0	1	block_stitching
chr18	whatshap_opt	32875301	0.9976	1235	3	32944987	33000178	55191	32875301	33002423	8	7	566	7	2	0	5	3	0	5	555	4	4	0	0	block_stitching
chr18	whatshap_opt	1876402	0.9996	2760	1	1964869	2019428	54559	1908588	2021085	5	5	839	4	1	1	4	1	0	3	829	5	3	0	0	block_stitching
chr18	whatshap_opt	49573649	0.992	1369	11	49666311	49720858	54547	49606675	49697424	5	6	793	7	1	0	6	1	0	9	769	9	11	0	0	block_stitching
chr18	whatshap_opt	57059442	0.9957	2310	10	57126737	57179488	52751	57059442	57163280	3	3	639	6	1	0	3	1	0	6	625	3	7	0	0	block_stitching
chr18	whatshap_opt	41756327	0.9987	4789	6	41883050	41928801	45751	41756515	41941032	7	6	538	6	1	1	5	3	0	4	526	6	2	0	0	block_stitching
chr18	whatshap_opt	62764377	0.9986	2797	4	62903312	62947238	43926	62789327	62947238	5	4	488	11	1	0	4	4	0	8	467	2	11	0	0	block_stitching
chr18	whatshap_opt	75896305	0.9987	4508	6	76043630	76083307	39677	75975336	76083307	3	3	722	3	1	0	3	1	0	2	690	29	3	0	0	block_stitching
chr18	whatshap_opt	67343392	0.9985	2646	4	67345610	67384357	38747	67343392	67384357	1	1	610	2	0	0	1	0	0	2	521	83	3	0	4	repeat_indels_excluded
chr18	whatshap_opt	39880829	0.9963	2432	9	39935160	39973702	38542	39905638	39973700	1	1	381	1	1	0	1	0	0	1	376	1	1	0	1	block_stitching
chr18	whatshap_opt	46128191	0.9977	2664	6	46615334	46651195	35861	46539489	46651195	1	1	353	2	0	1	1	0	0	3	348	3	0	0	0	repeat_indels_excluded
chr18	whatshap_opt	3509854	0.9967	4615	15	4508359	4541613	33254	4493618	4541613	2	3	462	7	0	0	2	0	0	11	453	1	4	0	0	repeat_indels_excluded
chr18	whatshap_opt	71421324	0.9983	1729	3	71561883	71594919	33036	71547227	71594919	4	4	527	5	0	0	1	0	0	5	454	75	2	0	0	repeat_indels_excluded
chr18	whatshap_opt	39880829	0.9963	2432	9	40328560	40361262	32702	39973700	40361261	3	2	411	3	2	0	2	1	0	2	406	2	1	0	0	block_stitching
chr18	whatshap_opt	46128191	0.9977	2664	6	46507626	46539401	31775	46320856	46539489	4	4	406	4	1	0	4	1	0	3	396	4	3	0	0	block_stitching
chr18	whatshap_opt	77114009	0.9943	2296	13	77193968	77223392	29424	77114009	77228870	4	3	466	2	1	0	2	1	0	2	414	50	0	1	2	block_stitching
chr18	whatshap_opt	71421324	0.9983	1729	3	71605658	71633879	28221	71594919	71633879	1	1	383	0	0	1	1	0	0	0	328	49	0	0	6	catalog_site_not_candidate
chr18	whatshap_opt	66398517	0.9948	4035	21	66410727	66438485	27758	66398517	66456446	3	3	404	7	1	0	3	1	0	7	345	55	1	2	0	block_stitching
chr18	whatshap_opt	24580597	0.9998	4417	1	25294184	25321140	26956	25247350	25321140	4	4	367	5	0	0	4	0	0	6	353	4	7	0	0	repeat_indels_excluded
chr18	whatshap_opt	35221325	0.9986	2098	3	35604670	35631103	26433	35235250	35631103	1	1	313	2	0	1	1	0	0	2	300	11	0	1	0	repeat_indels_excluded
chr18	whatshap_opt	24580597	0.9998	4417	1	25336070	25362446	26376	25321140	25362446	2	2	281	0	0	1	2	0	0	0	279	2	0	0	0	catalog_site_not_candidate
chr18	whatshap_opt	6097849	0.9982	7786	14	7044235	7069860	25625	6704205	7085924	2	1	287	4	0	0	1	0	0	6	281	0	2	0	0	repeat_indels_excluded
chr18	whatshap_opt	66398517	0.9948	4035	21	67206513	67231624	25111	67195500	67229561	4	4	294	3	1	0	4	1	0	4	262	30	1	0	0	block_stitching
chr18	whatshap_opt	39880829	0.9963	2432	9	39880829	39905638	24809	39873168	39905638	2	3	251	3	0	0	3	0	0	3	247	2	0	0	0	repeat_indels_excluded
chr18	whatshap_opt	41756327	0.9987	4789	6	42815481	42840222	24741	42062614	42843683	1	1	360	6	0	0	1	0	0	9	353	0	2	0	0	repeat_indels_excluded
chr18	whatshap_opt	34919015	0.9987	790	1	34931140	34955872	24732	34919015	34955872	0	0	295	0	0	0	0	0	0	0	292	3	0	0	0	catalog_site_not_candidate
chr18	whatshap_opt	6097849	0.9982	7786	14	6239326	6263830	24504	6122096	6273770	1	1	275	1	1	0	1	0	1	0	271	3	1	0	0	block_stitching
chr18	whatshap_opt	31707661	0.9984	3142	5	31953111	31977425	24314	31915448	31977425	0	0	313	2	0	0	0	0	0	2	311	1	0	0	0	repeat_indels_excluded
chr18	whatshap_opt	40631631	0.9992	3834	3	41285035	41309305	24270	40633808	41318361	2	1	338	1	0	0	1	0	0	1	333	1	3	0	0	repeat_indels_excluded
chr18	whatshap_opt	66398517	0.9948	4035	21	67171407	67195500	24093	67043163	67195500	1	1	296	4	0	0	0	0	0	4	279	16	2	2	0	repeat_indels_excluded
chr18	whatshap_opt	31707661	0.9984	3142	5	31845279	31869217	23938	31707661	31878806	1	1	255	1	0	0	1	0	0	1	231	20	3	0	0	repeat_indels_excluded
chr18	whatshap_opt	27617685	0.9969	4507	14	28353253	28377128	23875	27967338	28377128	0	1	292	2	0	0	1	0	0	2	288	1	1	2	0	repeat_indels_excluded
chr18	whatshap_opt	2569611	1.0	3829	0	3237134	3260515	23381	3212542	3260514	0	0	275	7	1	0	0	0	0	8	262	3	5	0	0	block_stitching
chr18	whatshap_opt	66398517	0.9948	4035	21	67020062	67043163	23101	66456446	67043163	1	1	253	1	0	0	0	0	0	2	217	35	0	0	0	repeat_indels_excluded
chr18	whatshap_opt	55409893	0.9991	5434	5	56583520	56606341	22821	55817497	56606341	0	0	269	1	0	0	0	0	0	1	234	34	2	0	0	repeat_indels_excluded
chr18	whatshap_opt	71995271	1.0	2690	0	72549073	72571538	22465	72279117	72571538	0	0	377	0	0	0	0	0	0	0	268	109	0	0	0	catalog_site_not_candidate
chr18	whatshap_opt	202911	1.0	2516	0	428295	450459	22164	207721	452790	0	0	311	3	0	0	0	1	0	2	270	37	3	1	1	clean_candidate_unphased
chr18	whatshap_opt	57059442	0.9957	2310	10	57571287	57593219	21932	57525284	57593219	0	0	290	1	0	0	0	0	0	1	286	1	3	0	0	repeat_indels_excluded
chr18	whatshap_opt	75896305	0.9987	4508	6	76514398	76536016	21618	76083307	76536016	2	2	264	2	0	0	1	0	0	4	257	4	2	0	0	repeat_indels_excluded
chr18	whatshap_opt	27617685	0.9969	4507	14	28381906	28403150	21244	28377128	28403150	2	2	238	3	0	0	2	0	0	3	231	2	4	0	0	repeat_indels_excluded
chr18	whatshap_opt	73352401	0.999	1001	1	73374650	73395284	20634	73362860	73409032	2	1	282	1	0	0	1	0	0	1	278	2	1	0	0	repeat_indels_excluded
chr18	whatshap_opt	57059442	0.9957	2310	10	57504674	57525284	20610	57163280	57525284	0	0	269	2	0	0	0	0	0	2	244	25	1	0	0	repeat_indels_excluded
chr18	whatshap_opt	46128191	0.9977	2664	6	46743194	46763529	20335	46651195	46768096	0	0	276	0	0	0	0	0	0	0	263	13	0	0	0	catalog_site_not_candidate
chr18	whatshap_opt	69411389	0.9987	8728	11	69923179	69943495	20316	69430905	69946672	1	0	311	2	0	0	0	0	0	4	304	2	3	0	0	repeat_indels_excluded
chr18	whatshap_opt	30433642	0.9989	3711	4	30685822	30706112	20290	30647785	30706112	0	0	322	1	0	0	0	0	0	1	320	1	1	0	0	repeat_indels_excluded
chr18	whatshap_opt	36974943	0.9997	2968	1	37567195	37587399	20204	36974943	37590420	0	0	235	2	0	0	0	0	0	2	232	3	0	0	0	repeat_indels_excluded
chr18	whatshap_opt	77114009	0.9943	2296	13	77584130	77604323	20193	77228870	77607794	1	0	272	1	0	0	0	0	0	1	270	1	1	0	0	repeat_indels_excluded
chr18	whatshap_opt	57679490	0.996	1979	8	57952500	57972626	20126	57679490	57972626	2	6	349	6	0	0	4	1	0	6	257	88	2	2	1	clean_candidate_unphased
chr18	whatshap_opt	1876402	0.9996	2760	1	2191203	2210508	19305	2071074	2210508	1	1	224	2	0	0	1	0	0	2	203	19	0	0	0	repeat_indels_excluded
chr18	whatshap_opt	73599480	0.9983	5907	10	74695104	74714114	19010	73599480	74714114	1	1	231	2	0	0	0	0	0	2	202	27	1	0	0	repeat_indels_excluded
chr18	whatshap_opt	24212422	1.0	1384	0	24220278	24239285	19007	24212422	24239285	0	0	249	0	0	0	0	0	0	0	248	1	0	0	0	catalog_site_not_candidate
chr18	whatshap_opt	3509854	0.9967	4615	15	3551268	3570013	18745	3509854	3571529	0	0	296	1	0	0	0	0	0	1	292	0	3	0	0	repeat_indels_excluded
chr18	whatshap_opt	30433642	0.9989	3711	4	30629634	30647785	18151	30438260	30647785	0	0	269	0	0	0	0	0	0	0	269	0	0	0	0	catalog_site_not_candidate
chr18	whatshap_opt	12022695	0.9991	5571	5	12579164	12597282	18118	12022695	12601536	1	1	286	5	0	0	1	0	0	5	274	1	6	0	0	repeat_indels_excluded
chr18	whatshap_opt	35692405	1.0	494	0	35759574	35777488	17914	35720289	35777488	2	2	242	2	0	0	1	0	0	2	230	10	2	2	0	repeat_indels_excluded
chr18	whatshap_opt	11654971	1.0	540	0	11752065	11769792	17727	11655027	11769792	0	0	289	0	0	0	0	0	0	0	287	0	2	0	0	catalog_site_not_candidate
chr18	whatshap_opt	29073424	1.0	307	0	29080751	29098290	17539	29073331	29115539	0	0	216	2	0	0	0	0	0	2	213	0	2	0	0	repeat_indels_excluded
chr18	whatshap_opt	57059442	0.9957	2310	10	57594617	57612062	17445	57593219	57614073	3	1	260	4	0	0	1	0	0	5	247	8	3	1	0	repeat_indels_excluded
chr18	whatshap_opt	6097849	0.9982	7786	14	6104951	6122096	17145	6097849	6122096	0	0	324	0	0	0	0	0	0	0	293	33	0	0	0	catalog_site_not_candidate
chr18	whatshap_opt	30433642	0.9989	3711	4	30792627	30809596	16969	30706112	30815121	1	1	230	2	0	0	0	0	0	2	225	5	2	2	0	repeat_indels_excluded
chr18	whatshap_opt	54178201	0.998	4076	8	54820362	54837198	16836	54178201	54848199	3	3	194	5	0	0	2	0	0	5	190	0	1	0	0	repeat_indels_excluded
chr18	whatshap_opt	42997893	0.9984	3653	6	43569523	43586176	16653	43002391	43589564	0	0	150	1	0	0	0	0	0	1	147	0	4	0	0	repeat_indels_excluded
chr18	whatshap_opt	6097849	0.9982	7786	14	7471279	7487456	16177	7292932	7492204	1	1	240	2	0	0	1	0	0	3	237	0	1	0	0	repeat_indels_excluded
chr18	whatshap_opt	24580597	0.9998	4417	1	25231343	25247350	16007	24580597	25247350	0	0	245	3	0	0	0	0	0	4	241	0	2	0	0	repeat_indels_excluded
chr18	whatshap_opt	41756327	0.9987	4789	6	42042028	42057968	15940	41941032	42062614	0	1	200	0	0	0	0	0	0	0	125	76	0	0	0	catalog_site_not_candidate
chr18	whatshap_opt	68462253	0.9995	2180	1	68916491	68932410	15919	68462253	68940748	1	1	249	3	0	0	1	0	0	4	245	0	1	0	0	repeat_indels_excluded
chr18	whatshap_opt	47513052	0.9957	462	2	47526089	47541288	15199	47513052	47551145	0	0	239	1	0	0	0	0	0	2	236	0	2	0	0	repeat_indels_excluded
chr18	whatshap_opt	53118629	0.9998	4647	1	53848196	53863331	15135	53141554	53868449	0	0	236	0	0	0	0	0	0	0	210	25	1	0	0	catalog_site_not_candidate
chr18	whatshap_opt	69157687	0.9983	589	1	69215655	69230536	14881	69174716	69230536	1	1	200	2	0	0	0	0	0	2	196	3	4	3	0	repeat_indels_excluded
chr18	whatshap_opt	61731676	0.9983	1813	3	61922383	61937244	14861	61734461	61944219	0	1	216	2	0	0	0	0	0	2	213	0	1	0	0	repeat_indels_excluded
chr18	whatshap_opt	6097849	0.9982	7786	14	7278483	7292932	14449	7085924	7292932	1	1	234	1	0	0	0	0	0	1	205	26	2	0	0	repeat_indels_excluded
chr18	whatshap_opt	55409893	0.9991	5434	5	55797833	55812195	14362	55559039	55817497	0	0	112	2	0	0	0	0	0	2	102	8	0	0	0	repeat_indels_excluded
chr18	whatshap_opt	2569611	1.0	3829	0	3198494	3212542	14048	2569611	3212542	0	0	232	1	0	0	0	0	0	1	228	1	3	0	0	repeat_indels_excluded
chr18	whatshap_opt	68981669	0.9987	781	1	69106176	69120118	13942	69014768	69120118	0	0	163	0	0	0	0	0	0	0	163	0	0	0	0	catalog_site_not_candidate
chr18	whatshap_opt	39112586	0.9954	2395	11	39485092	39498938	13846	39112586	39513972	2	1	161	1	0	0	0	0	0	1	141	21	0	1	0	repeat_indels_excluded
chr18	whatshap_opt	22081395	0.9997	3546	1	22722858	22735811	12953	22482754	22736075	1	0	157	2	0	0	0	1	0	1	145	10	1	0	0	clean_candidate_unphased
chr18	whatshap_opt	69411389	0.9987	8728	11	70051931	70064555	12624	69946672	70068418	1	0	130	2	0	0	0	0	0	2	125	4	0	0	0	repeat_indels_excluded
chr18	whatshap_opt	57679490	0.996	1979	8	58045061	58057539	12478	57972626	58060394	3	4	199	2	0	0	0	0	0	2	123	78	3	5	0	repeat_indels_excluded
chr18	whatshap_opt	27617685	0.9969	4507	14	27943937	27956394	12457	27632206	27967338	0	0	129	1	0	0	0	0	0	1	129	0	0	0	0	repeat_indels_excluded
chr18	whatshap_opt	67343392	0.9985	2646	4	67750401	67762458	12057	67384357	67773888	2	2	149	0	0	0	0	0	0	0	132	24	0	0	0	catalog_site_not_candidate
chr18	whatshap_opt	10259925	0.9992	2582	2	10348299	10360029	11730	10258573	10367744	1	1	184	2	0	0	0	0	0	4	157	31	0	2	0	repeat_indels_excluded
chr18	whatshap_opt	1876402	0.9996	2760	1	2059597	2071074	11477	2021085	2071074	0	0	196	0	0	0	0	0	0	0	187	7	2	0	0	catalog_site_not_candidate
chr18	whatshap_opt	75896305	0.9987	4508	6	75958166	75969260	11094	75896305	75975336	0	0	162	1	0	0	0	0	0	1	138	24	0	0	0	repeat_indels_excluded
chr18	whatshap_opt	55409893	0.9991	5434	5	55535152	55546217	11065	55412710	55559039	2	2	95	3	0	0	1	1	0	3	89	4	0	0	0	clean_candidate_unphased
chr18	whatshap_opt	31707661	0.9984	3142	5	31900133	31910314	10181	31878806	31915448	2	2	118	2	0	0	0	0	0	2	112	2	4	0	0	repeat_indels_excluded
chr18	whatshap_opt	71995271	1.0	2690	0	72259934	72270013	10079	71995271	72279117	0	0	136	0	0	0	0	0	0	0	135	0	1	0	0	catalog_site_not_candidate
chr18	whatshap_opt	3509854	0.9967	4615	15	4000777	4010219	9442	3571529	4022774	0	0	106	0	0	0	0	0	0	0	105	0	1	0	0	catalog_site_not_candidate
chr18	whatshap_opt	49573649	0.992	1369	11	49886723	49895979	9256	49697424	49903626	0	0	107	0	0	0	0	0	0	0	98	9	0	1	0	catalog_site_not_candidate
chr18	whatshap_opt	6097849	0.9982	7786	14	6682082	6690544	8462	6405987	6704205	0	0	119	0	0	0	0	0	0	0	98	21	0	0	0	catalog_site_not_candidate
chr18	whatshap_opt	50481019	0.9987	5354	7	51314965	51319128	4163	50487958	51319128	1	1	50	0	0	0	1	0	0	0	50	0	0	0	0	catalog_site_not_candidate
chr18	whatshap_opt	22081395	0.9997	3546	1	22467060	22470438	3378	22089230	22482754	0	0	45	0	0	0	0	0	0	0	39	6	0	0	0	catalog_site_not_candidate
chr18	whatshap_opt	12022695	0.9991	5571	5	12905516	12907687	2171	12601536	12915409	2	2	24	1	0	0	1	0	0	1	18	6	0	0	0	repeat_indels_excluded
chr18	whatshap_opt	3509854	0.9967	4615	15	4479288	4480692	1404	4022774	4493618	1	0	13	0	0	0	0	0	0	0	13	0	0	0	0	catalog_site_not_candidate
chr20	hiphase	14719378	0.9971	2736	8	15019294	15130077	110783	14729749	15115387	17	17	1446	16	3	0	15	3	1	18	1408	22	8	0	0	block_stitching
chr20	hiphase	46875643	0.998	4882	10	47671540	47762233	90693	47666163	47762233	17	11	1101	21	3	0	10	4	0	19	998	90	6	6	0	block_stitching
chr20	hiphase	61487311	0.9915	1534	13	61737962	61810469	72507	61690751	61823286	16	18	884	18	2	0	14	2	0	18	802	78	13	8	0	block_stitching
chr20	hiphase	16715241	0.9976	4629	11	17607780	17679082	71302	17521341	17679082	6	5	909	8	1	0	5	1	0	7	884	9	11	0	0	block_stitching
chr20	hiphase	55815775	0.9935	2015	13	55979384	56040612	61228	55889113	56040612	5	6	916	11	1	0	6	1	0	14	898	9	5	0	0	block_stitching
chr20	hiphase	61487311	0.9915	1534	13	61629569	61690751	61182	61577290	61690751	11	12	698	8	2	0	11	1	1	8	681	12	5	4	0	block_stitching
chr20	hiphase	2342133	0.9974	4942	13	3491592	3550839	59247	2550439	3550839	6	5	682	8	1	0	5	3	0	5	665	2	12	0	0	block_stitching
chr20	hiphase	55815775	0.9935	2015	13	56049499	56107742	58243	56040612	56107742	3	3	854	4	0	0	3	0	0	4	848	1	2	1	0	repeat_indels_excluded
chr20	hiphase	46875643	0.998	4882	10	47062175	47118148	55973	47035760	47121694	27	26	709	27	1	1	26	21	0	7	637	47	1	0	0	block_stitching
chr20	hiphase	18442592	0.9982	4397	8	19358995	19414720	55725	19341833	19414719	6	7	683	8	1	0	7	1	0	10	661	12	7	3	0	block_stitching
chr20	hiphase	58446801	0.9985	1348	2	58703912	58758263	54351	58580791	58747200	4	5	799	4	1	0	3	1	0	3	689	111	9	3	0	block_stitching
chr20	hiphase	8946171	0.9976	9482	23	10706319	10760419	54100	10588710	10760419	5	4	636	10	0	0	4	0	0	14	612	9	10	0	0	repeat_indels_excluded
chr20	hiphase	54453020	0.9974	3898	10	54547514	54596124	48610	54489926	54608923	4	5	592	4	1	1	5	1	0	4	540	48	3	1	0	block_stitching
chr20	hiphase	24103779	0.9999	7151	1	25834662	25883079	48417	25109617	25891621	1512	103	2083	4	0	0	103	1	0	3	1940	4	0	19	118	clean_candidate_unphased
chr20	hiphase	19502530	0.9977	4402	10	20493042	20540928	47886	19752261	20540928	8	9	472	10	0	0	9	2	0	9	452	11	4	1	0	clean_candidate_unphased
chr20	hiphase	19502530	0.9977	4402	10	19724252	19771955	47703	19526088	19752261	3	3	646	6	1	0	3	2	0	4	638	3	2	0	0	block_stitching
chr20	hiphase	8946171	0.9976	9482	23	10296487	10343595	47108	9494207	10343595	2	5	562	3	0	0	3	0	0	4	513	48	2	0	0	repeat_indels_excluded
chr20	hiphase	7887136	0.9988	836	1	7901325	7947306	45981	7887136	7924485	3	3	576	3	1	0	1	1	0	2	502	71	1	2	3	block_stitching
chr20	hiphase	55815775	0.9935	2015	13	55843827	55889113	45286	55824242	55889113	5	4	599	5	0	0	3	0	0	6	556	43	0	0	0	repeat_indels_excluded
chr20	hiphase	34162219	0.9984	2579	4	34728257	34772931	44674	34162219	34772931	3	3	639	2	1	1	3	1	0	1	596	42	1	0	0	block_stitching
chr20	hiphase	16715241	0.9976	4629	11	17695027	17738419	43392	17679082	17723058	3	3	552	5	1	0	3	2	0	3	536	10	2	0	0	block_stitching
chr20	hiphase	22668436	0.998	3971	8	23460963	23503225	42262	23445251	23503225	5	6	621	2	0	0	6	0	0	2	572	47	3	0	0	repeat_indels_excluded
chr20	hiphase	1142089	0.9965	2265	8	1152444	1194207	41763	1142089	1196966	6	6	516	3	0	0	4	0	0	3	477	40	1	2	0	repeat_indels_excluded
chr20	hiphase	22668436	0.998	3971	8	23403554	23445252	41698	23008891	23445251	2	2	538	4	1	0	2	1	0	7	494	38	4	0	0	block_stitching
chr20	hiphase	5239260	0.9982	559	1	5309406	5350509	41103	5272413	5350508	5	4	807	3	1	0	4	0	0	4	583	170	1	2	52	block_stitching
chr20	hiphase	46875643	0.998	4882	10	46987190	47026671	39481	46896191	47035760	7	6	569	11	1	0	6	2	0	11	552	6	8	2	0	block_stitching
chr20	hiphase	55360776	1.0	1795	0	55575223	55612031	36808	55492791	55612030	5	8	838	6	1	0	4	3	0	3	556	105	0	1	173	block_stitching
chr20	hiphase	5393615	1.0	3227	0	5497456	5533786	36330	5393717	5533785	3	4	700	4	3	0	4	1	1	3	693	1	2	0	0	block_stitching
chr20	hiphase	52696410	0.9986	6973	10	53926537	53962801	36264	52727684	53966205	1	2	523	3	0	0	2	0	0	3	475	44	2	1	0	repeat_indels_excluded
chr20	hiphase	8946171	0.9976	9482	23	8977829	9014032	36203	8946528	9014032	3	1	458	6	0	0	1	0	0	6	449	3	2	0	0	repeat_indels_excluded
chr20	hiphase	11157014	0.9978	1336	3	11311578	11347034	35456	11262361	11348253	1	1	494	2	0	0	1	1	0	1	435	55	0	0	2	clean_candidate_unphased
chr20	hiphase	55815775	0.9935	2015	13	56165754	56200740	34986	56107742	56192736	3	4	472	10	1	0	4	1	0	11	460	1	7	0	0	block_stitching
chr20	hiphase	11796969	0.997	5064	15	11835790	11869724	33934	11822681	11869724	9	7	442	8	0	1	7	1	0	10	427	10	1	2	0	clean_candidate_unphased
chr20	hiphase	11796969	0.997	5064	15	12418999	12451814	32815	12277078	12458901	3	2	469	1	0	0	2	0	0	1	461	6	1	0	0	repeat_indels_excluded
chr20	hiphase	15367799	0.999	981	1	15380509	15413105	32596	15367800	15413105	2	2	446	2	0	1	2	0	0	2	433	6	4	0	0	repeat_indels_excluded
chr20	hiphase	54453020	0.9974	3898	10	54880180	54912022	31842	54702072	54912022	1	1	417	2	0	0	1	0	0	2	373	47	0	0	0	repeat_indels_excluded
chr20	hiphase	11796969	0.997	5064	15	12721112	12752291	31179	12700826	12757101	1	1	528	2	0	0	1	0	0	2	486	43	0	3	0	repeat_indels_excluded
chr20	hiphase	8106314	1.0	2846	0	8632381	8662983	30602	8176552	8662983	1	1	426	1	0	1	1	0	0	1	400	25	1	0	0	repeat_indels_excluded
chr20	hiphase	5239260	0.9982	559	1	5242390	5272413	30023	5239260	5272413	2	2	406	1	0	0	2	0	0	1	401	0	6	0	0	repeat_indels_excluded
chr20	hiphase	7206650	0.9919	492	4	7250571	7280356	29785	7206650	7280339	3	3	407	5	1	0	3	1	0	6	400	2	6	0	0	block_stitching
chr20	hiphase	11157014	0.9978	1336	3	11233845	11262361	28516	11230331	11262361	2	2	378	1	0	0	2	0	0	1	338	42	0	0	0	repeat_indels_excluded
chr20	hiphase	60286266	1.0	981	0	60425968	60453493	27525	60286266	60467115	4	3	289	8	1	0	1	0	1	7	263	20	2	1	0	block_stitching
chr20	hiphase	24103779	0.9999	7151	1	24574099	24601281	27182	24379633	24601280	1	1	355	1	0	0	1	0	0	2	345	6	4	0	0	repeat_indels_excluded
chr20	hiphase	54453020	0.9974	3898	10	54675445	54702072	26627	54608923	54702072	3	2	307	5	0	0	1	0	0	5	283	18	6	0	0	repeat_indels_excluded
chr20	hiphase	130540	0.9975	3925	10	863640	890261	26621	545002	890261	22	5	885	22	0	0	3	5	0	21	637	68	5	21	151	clean_candidate_unphased
chr20	hiphase	34162219	0.9984	2579	4	34818318	34844579	26261	34811747	34844579	2	2	378	1	0	1	2	0	0	1	310	68	0	1	2	repeat_indels_excluded
chr20	hiphase	11157014	0.9978	1336	3	11360353	11386175	25822	11348253	11386626	2	2	320	1	0	1	2	0	0	1	272	47	4	0	0	repeat_indels_excluded
chr20	hiphase	4570122	0.9964	2524	9	4854217	4878943	24726	4800234	4886360	5	0	408	5	0	0	0	0	0	5	359	46	3	4	0	repeat_indels_excluded
chr20	hiphase	1142089	0.9965	2265	8	1499101	1523721	24620	1196966	1523721	1	1	270	0	0	0	1	0	0	0	251	19	0	0	0	catalog_site_not_candidate
chr20	hiphase	48149548	0.998	3448	7	48925908	48950388	24480	48229446	48950388	1	1	352	4	0	0	1	0	0	4	343	0	5	0	0	repeat_indels_excluded
chr20	hiphase	4570122	0.9964	2524	9	4761808	4786025	24217	4642430	4800234	4	3	414	1	0	0	3	0	0	1	328	87	1	2	0	repeat_indels_excluded
chr20	hiphase	4570122	0.9964	2524	9	4618685	4642430	23745	4570122	4642430	1	1	325	3	0	0	1	0	0	4	310	12	1	0	0	repeat_indels_excluded
chr20	hiphase	37667751	0.996	1511	6	37984529	38008026	23497	37937715	38008026	3	1	276	3	0	0	1	1	0	3	263	11	2	2	0	clean_candidate_unphased
chr20	hiphase	17852024	1.0	2397	0	18194808	18218259	23451	17883198	18218259	0	0	262	0	0	0	0	0	0	0	236	24	2	0	0	catalog_site_not_candidate
chr20	hiphase	32891138	0.997	1681	5	33210642	33233843	23201	32910411	33233842	3	3	236	8	0	0	3	1	0	8	223	0	7	0	0	clean_candidate_unphased
chr20	hiphase	46875643	0.998	4882	10	47636774	47659910	23136	47121694	47666163	0	0	278	0	0	0	0	0	0	0	277	0	1	0	0	catalog_site_not_candidate
chr20	hiphase	22668436	0.998	3971	8	22985065	23007537	22472	22668436	23008891	2	1	288	1	0	0	1	0	0	1	283	8	1	1	0	repeat_indels_excluded
chr20	hiphase	24103779	0.9999	7151	1	24357615	24379633	22018	24142287	24379633	0	0	367	0	0	0	0	0	0	0	365	1	1	0	0	catalog_site_not_candidate
chr20	hiphase	62385548	0.9983	2923	5	62410496	62432427	21931	62385548	62432427	1	0	302	1	0	0	0	0	0	1	302	0	0	0	0	repeat_indels_excluded
chr20	hiphase	16715241	0.9976	4629	11	17499524	17521341	21817	16926069	17521341	2	1	337	0	0	0	1	0	0	0	276	51	0	0	13	catalog_site_not_candidate
chr20	hiphase	16715241	0.9976	4629	11	16830586	16852360	21774	16773052	16854021	1	1	324	1	0	1	1	0	0	1	320	1	2	0	0	repeat_indels_excluded
chr20	hiphase	46875643	0.998	4882	10	48022132	48043584	21452	47762233	48043584	1	1	260	1	0	0	1	0	0	1	246	12	2	0	0	repeat_indels_excluded
chr20	hiphase	50127297	0.997	4404	13	50540995	50562066	21071	50147908	50562066	1	1	274	2	0	0	1	0	0	2	242	31	0	0	0	repeat_indels_excluded
chr20	hiphase	11157014	0.9978	1336	3	11426743	11447789	21046	11386626	11447789	0	0	267	0	0	0	0	0	0	0	208	60	0	0	0	catalog_site_not_candidate
chr20	hiphase	45866904	0.9938	3061	19	46384021	46405048	21027	45945176	46407462	3	3	258	3	0	0	3	0	0	3	245	4	7	1	0	repeat_indels_excluded
chr20	hiphase	11796969	0.997	5064	15	12256072	12277078	21006	11869724	12277078	0	0	270	1	0	0	0	0	0	1	269	0	0	0	0	repeat_indels_excluded
chr20	hiphase	34162219	0.9984	2579	4	34791342	34811747	20405	34772931	34811747	0	0	258	0	0	0	0	0	0	0	216	41	0	0	1	catalog_site_not_candidate
chr20	hiphase	50127297	0.997	4404	13	51145921	51165532	19611	50562066	51165532	1	0	252	2	0	0	0	0	0	3	250	0	1	0	0	repeat_indels_excluded
chr20	hiphase	55360776	1.0	1795	0	55472966	55492323	19357	55382729	55492791	1	1	263	5	0	0	1	0	0	5	242	15	2	0	3	repeat_indels_excluded
chr20	hiphase	41539049	0.9969	2232	7	41879459	41898323	18864	41539049	41898323	3	2	231	6	0	0	2	0	0	7	216	12	1	1	0	repeat_indels_excluded
chr20	hiphase	24103779	0.9999	7151	1	25083365	25102178	18813	24601280	25109617	0	0	233	0	0	0	0	0	0	0	224	5	5	0	0	catalog_site_not_candidate
chr20	hiphase	41539049	0.9969	2232	7	41900800	41919487	18687	41898323	41924682	2	1	214	0	0	0	1	0	0	0	208	6	2	0	0	catalog_site_not_candidate
chr20	hiphase	45866904	0.9938	3061	19	45916036	45934516	18480	45896820	45945176	1	1	230	0	0	0	1	0	0	0	187	45	0	0	0	catalog_site_not_candidate
chr20	hiphase	45866904	0.9938	3061	19	46611617	46629630	18013	46407462	46634216	0	0	227	2	0	0	0	0	0	2	225	0	2	0	0	repeat_indels_excluded
chr20	hiphase	51262081	0.9972	3915	11	51337898	51355882	17984	51287372	51365957	0	0	241	2	0	0	0	0	0	2	237	1	2	0	0	repeat_indels_excluded
chr20	hiphase	39273205	0.9923	5715	44	39838293	39856144	17851	39389245	39868811	3	4	268	2	0	0	3	0	0	2	260	8	1	1	0	repeat_indels_excluded
chr20	hiphase	16715241	0.9976	4629	11	16740967	16758611	17644	16715241	16773052	1	1	225	1	0	0	1	0	0	1	213	11	0	0	1	repeat_indels_excluded
chr20	hiphase	37667751	0.996	1511	6	37909573	37926274	16701	37667751	37937715	1	1	159	1	0	0	1	0	0	1	155	1	2	0	0	repeat_indels_excluded
chr20	hiphase	18442592	0.9982	4397	8	18983414	18999993	16579	18442592	18999993	0	0	251	2	0	0	0	0	0	2	249	3	0	2	0	repeat_indels_excluded
chr20	hiphase	42122863	0.9992	1318	1	42191762	42208160	16398	42128667	42208160	0	0	165	2	0	0	0	0	0	2	160	1	4	0	0	repeat_indels_excluded
chr20	hiphase	130540	0.9975	3925	10	528852	545002	16150	195305	545002	0	0	158	6	0	0	0	0	0	6	136	14	3	0	0	repeat_indels_excluded
chr20	hiphase	7343405	0.9991	2217	2	7382248	7397985	15737	7343405	7407227	1	1	198	2	0	0	1	0	0	2	195	2	2	0	0	repeat_indels_excluded
chr20	hiphase	61487311	0.9915	1534	13	61551581	61567016	15435	61489451	61577290	0	0	257	0	0	0	0	0	0	0	255	1	1	0	0	catalog_site_not_candidate
chr20	hiphase	130540	0.9975	3925	10	163697	178653	14956	130540	195305	2	2	268	2	0	0	2	0	0	2	238	32	0	0	0	repeat_indels_excluded
chr20	hiphase	39273205	0.9923	5715	44	39374440	39389245	14805	39286408	39389245	0	0	190	1	0	0	0	0	0	1	165	23	1	0	0	repeat_indels_excluded
chr20	hiphase	49062203	0.9964	276	1	49088735	49102876	14141	49062203	49107205	1	1	160	5	0	0	1	0	0	5	155	1	0	0	0	repeat_indels_excluded
chr20	hiphase	55360776	1.0	1795	0	55658794	55672816	14022	55612030	55672815	0	0	215	1	1	0	0	0	0	1	206	2	5	0	0	block_stitching
chr20	hiphase	62385548	0.9983	2923	5	62623253	62637077	13824	62432427	62645168	0	0	171	1	0	0	0	0	0	2	168	2	0	0	0	repeat_indels_excluded
chr20	hiphase	18442592	0.9982	4397	8	19328082	19341833	13751	18999993	19341833	1	1	196	1	0	0	1	0	0	1	193	2	0	0	0	repeat_indels_excluded
chr20	hiphase	2342133	0.9974	4942	13	2536780	2550439	13659	2342132	2550439	1	1	143	2	0	0	1	0	0	2	138	2	1	0	0	repeat_indels_excluded
chr20	hiphase	8946171	0.9976	9482	23	10575747	10588710	12963	10343595	10588710	2	2	134	1	0	0	2	0	0	2	111	25	0	0	0	repeat_indels_excluded
chr20	hiphase	11796969	0.997	5064	15	12673533	12686043	12510	12672265	12700826	0	0	254	1	0	0	0	0	0	1	180	75	0	0	0	repeat_indels_excluded
chr20	hiphase	42543112	0.999	5035	5	43104113	43113602	9489	42543112	43123517	1	0	107	0	0	0	0	0	0	0	95	12	0	0	0	catalog_site_not_candidate
chr20	hiphase	58446801	0.9985	1348	2	58560611	58570083	9472	58453158	58580791	0	0	152	3	0	0	0	0	0	3	147	0	4	0	0	repeat_indels_excluded
chr20	hiphase	8946171	0.9976	9482	23	9398147	9407532	9385	9014032	9407532	0	0	108	0	0	0	0	0	0	0	108	0	0	0	0	catalog_site_not_candidate
chr20	hiphase	54453020	0.9974	3898	10	54467941	54477280	9339	54453020	54489926	2	2	154	2	0	0	2	0	0	2	133	22	0	0	1	repeat_indels_excluded
chr20	hiphase	11157014	0.9978	1336	3	11215203	11222729	7526	11157086	11230331	0	0	91	1	0	0	0	0	0	1	75	16	1	0	0	repeat_indels_excluded
chr20	hiphase	8106314	1.0	2846	0	8165210	8172090	6880	8106314	8176552	2	1	73	0	0	0	1	0	0	0	66	8	0	0	0	catalog_site_not_candidate
chr20	hiphase	15606145	0.9992	4815	4	15651932	15657590	5658	15606878	15672865	0	0	83	1	0	0	0	0	0	1	72	9	2	0	0	repeat_indels_excluded
chr20	hiphase	16715241	0.9976	4629	11	16907717	16912741	5024	16854021	16926069	1	0	77	0	0	0	0	0	0	0	77	0	0	0	0	catalog_site_not_candidate
chr20	hiphase	130540	0.9975	3925	10	976206	981083	4877	890261	988405	0	0	70	0	0	0	0	0	0	0	55	15	0	0	0	catalog_site_not_candidate
chr20	hiphase	8946171	0.9976	9482	23	9479107	9481969	2862	9407532	9494207	0	0	35	1	0	0	0	0	0	1	33	1	1	0	0	repeat_indels_excluded
chr20	hiphase	11796969	0.997	5064	15	12660478	12662586	2108	12458901	12672265	0	0	35	0	0	0	0	0	0	0	33	2	0	0	0	catalog_site_not_candidate
chr20	hiphase	15606145	0.9992	4815	4	16275389	16276016	627	15672865	16291042	2	2	14	1	0	0	2	0	0	1	9	7	0	0	0	repeat_indels_excluded
chr20	hiphase	1684336	0.9991	2201	2	1912570	1913054	484	1690618	1903119	0	0	6	0	0	0	0	0	0	0	5	0	1	0	0	catalog_site_not_candidate
chr20	longcalld	47018892	0.9989	2658	3	47062175	47118148	55973	47035760	47121694	27	26	709	27	1	1	27	21	0	7	637	47	1	0	0	block_stitching
chr20	longcalld	19526088	0.9993	4142	3	20493042	20540928	47886	19752261	20540928	8	9	472	10	0	0	8	2	0	9	452	11	4	1	0	clean_candidate_unphased
chr20	longcalld	19526088	0.9993	4142	3	19724252	19771955	47703	19526088	19752261	3	3	646	6	1	0	3	2	0	4	638	3	2	0	0	block_stitching
chr20	longcalld	34162219	0.9987	2262	3	34728257	34772931	44674	34162219	34772931	3	3	639	2	1	1	3	1	0	1	596	42	1	0	0	block_stitching
chr20	longcalld	55489370	0.9992	1256	1	55575223	55612031	36808	55492791	55612030	5	8	838	6	1	0	5	3	0	3	556	105	0	1	173	block_stitching
chr20	longcalld	38393470	0.997	2993	9	38927602	38963711	36109	38393470	38963711	4	4	393	6	0	1	4	0	0	7	383	1	3	0	0	repeat_indels_excluded
chr20	longcalld	11262361	0.9957	699	3	11311578	11347034	35456	11262361	11348253	1	1	494	2	0	0	1	1	0	1	435	55	0	0	2	clean_candidate_unphased
chr20	longcalld	11813446	0.9988	1703	2	11835790	11869724	33934	11822681	11869724	9	7	442	8	0	1	9	1	0	10	427	10	1	2	0	clean_candidate_unphased
chr20	longcalld	12277078	0.9969	1907	6	12418999	12451814	32815	12277078	12458901	3	2	469	1	0	0	3	0	0	1	461	6	1	0	0	repeat_indels_excluded
chr20	longcalld	15367755	0.9988	866	1	15380509	15413105	32596	15367800	15413105	2	2	446	2	0	1	3	0	0	2	433	6	4	0	0	repeat_indels_excluded
chr20	longcalld	8172072	1.0	2440	0	8632381	8662983	30602	8176552	8662983	1	1	426	1	0	1	2	0	0	1	400	25	1	0	0	repeat_indels_excluded
chr20	longcalld	60286266	1.0	686	0	60425968	60453493	27525	60286266	60467115	4	3	289	8	1	0	3	0	1	7	263	20	2	1	0	block_stitching
chr20	longcalld	34811747	0.9955	221	1	34818318	34844579	26261	34811747	34844579	2	2	378	1	0	1	3	0	0	1	310	68	0	1	2	repeat_indels_excluded
chr20	longcalld	11262361	0.9957	699	3	11360353	11386175	25822	11348253	11386626	2	2	320	1	0	1	2	0	0	1	272	47	4	0	0	repeat_indels_excluded
chr20	longcalld	38393470	0.997	2993	9	39113185	39136945	23760	38963711	39149079	4	3	326	5	0	0	6	0	0	5	314	7	3	0	0	repeat_indels_excluded
chr20	longcalld	47018892	0.9989	2658	3	47636774	47659910	23136	47121694	47666163	0	0	278	0	0	0	0	0	0	0	277	0	1	0	0	catalog_site_not_candidate
chr20	longcalld	16715241	0.9991	3315	3	16830586	16852360	21774	16773052	16854021	1	1	324	1	0	1	1	0	0	1	320	1	2	0	0	repeat_indels_excluded
chr20	longcalld	64144722	0.9991	2184	2	64637532	64657563	20031	64144912	64667635	1	1	310	4	0	0	1	0	0	4	298	1	9	0	0	repeat_indels_excluded
chr20	longcalld	24601281	0.9996	2662	1	25083365	25102178	18813	24601280	25109617	0	0	233	0	0	0	0	0	0	0	224	5	5	0	0	catalog_site_not_candidate
chr20	longcalld	45883706	0.9985	1948	3	45916036	45934516	18480	45896820	45945176	1	1	230	0	0	0	1	0	0	0	187	45	0	0	0	catalog_site_not_candidate
chr20	longcalld	51262081	0.991	1000	9	51337898	51355882	17984	51287372	51365957	0	0	241	2	0	0	0	0	0	2	237	1	2	0	0	repeat_indels_excluded
chr20	longcalld	16715241	0.9991	3315	3	16740967	16758611	17644	16715241	16773052	1	1	225	1	0	0	1	0	0	1	213	11	0	0	1	repeat_indels_excluded
chr20	longcalld	37667751	1.0	1182	0	37909573	37926274	16701	37667751	37937715	1	1	159	1	0	0	2	0	0	1	155	1	2	0	0	repeat_indels_excluded
chr20	longcalld	7343405	0.9995	1985	1	7382248	7397985	15737	7343405	7407227	1	1	198	2	0	0	1	0	0	2	195	2	2	0	0	repeat_indels_excluded
chr20	longcalld	61487311	0.9904	731	7	61551581	61567016	15435	61489451	61577290	0	0	257	0	0	0	0	0	0	0	255	1	1	0	0	catalog_site_not_candidate
chr20	longcalld	39273956	0.9932	733	5	39374440	39389245	14805	39286408	39389245	0	0	190	1	0	0	0	0	0	1	165	23	1	0	0	repeat_indels_excluded
chr20	longcalld	49088735	1.0	93	0	49088735	49102876	14141	49062203	49107205	1	1	160	5	0	0	2	0	0	5	155	1	0	0	0	repeat_indels_excluded
chr20	longcalld	55489370	0.9992	1256	1	55658794	55672816	14022	55612030	55672815	0	0	215	1	1	0	0	0	0	1	206	2	5	0	0	block_stitching
chr20	longcalld	46747598	0.9918	486	4	46807567	46821315	13748	46748667	46828646	1	1	151	1	0	0	1	0	0	1	149	0	1	0	0	repeat_indels_excluded
chr20	longcalld	2332869	0.9974	4543	12	2536780	2550439	13659	2342132	2550439	1	1	143	2	0	0	1	0	0	2	138	2	1	0	0	repeat_indels_excluded
chr20	longcalld	10337661	0.9951	1647	8	10575747	10588710	12963	10343595	10588710	2	2	134	1	0	0	2	0	0	2	111	25	0	0	0	repeat_indels_excluded
chr20	longcalld	12277078	0.9969	1907	6	12673533	12686043	12510	12672265	12700826	0	0	254	1	0	0	0	0	0	1	180	75	0	0	0	repeat_indels_excluded
chr20	longcalld	20895876	0.9958	945	4	20954551	20965270	10719	20895876	20975312	0	0	131	0	0	0	1	0	0	0	129	0	2	0	0	catalog_site_not_candidate
chr20	longcalld	64144722	0.9991	2184	2	64747379	64757966	10587	64667635	64771026	1	1	147	1	0	0	1	0	0	2	145	0	1	0	0	repeat_indels_excluded
chr20	longcalld	42537819	0.9996	4876	2	43104113	43113602	9489	42543112	43123517	1	0	107	0	0	0	1	0	0	0	95	12	0	0	0	catalog_site_not_candidate
chr20	longcalld	9002216	0.9998	4119	1	9398147	9407532	9385	9014032	9407532	0	0	108	0	0	0	0	0	0	0	108	0	0	0	0	catalog_site_not_candidate
chr20	longcalld	54453020	0.9963	542	2	54467941	54477280	9339	54453020	54489926	2	2	154	2	0	0	2	0	0	2	133	22	0	0	1	repeat_indels_excluded
chr20	longcalld	64905482	1.0	1604	0	65162078	65170679	8601	64913827	65181142	36	16	531	12	0	0	17	6	0	7	387	45	1	6	84	clean_candidate_unphased
chr20	longcalld	15606145	0.9991	4672	4	15651932	15657590	5658	15606878	15672865	0	0	83	1	0	0	0	0	0	1	72	9	2	0	0	repeat_indels_excluded
chr20	longcalld	16715241	0.9991	3315	3	16907717	16912741	5024	16854021	16926069	1	0	77	0	0	0	1	0	0	0	77	0	0	0	0	catalog_site_not_candidate
chr20	longcalld	882277	1.0	827	0	976206	981083	4877	890261	988405	0	0	70	0	0	0	0	0	0	0	55	15	0	0	0	catalog_site_not_candidate
chr20	longcalld	64144722	0.9991	2184	2	64786926	64790934	4008	64771026	64797367	0	0	73	1	0	0	0	0	0	1	72	0	0	0	0	repeat_indels_excluded
chr20	longcalld	9002216	0.9998	4119	1	9479107	9481969	2862	9407532	9494207	0	0	35	1	0	0	0	0	0	1	33	1	1	0	0	repeat_indels_excluded
chr20	longcalld	12277078	0.9969	1907	6	12660478	12662586	2108	12458901	12672265	0	0	35	0	0	0	0	0	0	0	33	2	0	0	0	catalog_site_not_candidate
chr20	longcalld	64144722	0.9991	2184	2	64810836	64812264	1428	64797367	64821256	0	0	19	0	0	0	0	0	0	0	17	2	0	0	0	catalog_site_not_candidate
chr20	longcalld	15606145	0.9991	4672	4	16275389	16276016	627	15672865	16291042	2	2	14	1	0	0	2	0	0	1	9	7	0	0	0	repeat_indels_excluded
chr20	longcalld	1684336	0.9963	2134	8	1912570	1913054	484	1690618	1903119	0	0	6	0	0	0	0	0	0	0	5	0	1	0	0	catalog_site_not_candidate
chr20	longphase	2342133	0.9976	4922	12	3491592	3550839	59247	2550439	3550839	6	5	682	8	1	0	4	3	0	5	665	2	12	0	0	block_stitching
chr20	longphase	46895038	0.9991	3271	3	47062175	47118148	55973	47035760	47121694	27	26	709	27	1	1	22	21	0	7	637	47	1	0	0	block_stitching
chr20	longphase	54453020	0.9952	1042	5	54547514	54596124	48610	54489926	54608923	4	5	592	4	1	1	2	1	0	4	540	48	3	1	0	block_stitching
chr20	longphase	24602508	0.9982	5420	10	25834662	25883079	48417	25109617	25891621	1512	103	2083	4	0	0	61	1	0	3	1940	4	0	19	118	clean_candidate_unphased
chr20	longphase	19502530	0.9993	4147	3	19724252	19771955	47703	19526088	19752261	3	3	646	6	1	0	3	2	0	4	638	3	2	0	0	block_stitching
chr20	longphase	7887136	0.9952	842	4	7901325	7947306	45981	7887136	7924485	3	3	576	3	1	0	2	1	0	2	502	71	1	2	3	block_stitching
chr20	longphase	34162219	0.9973	2573	7	34728257	34772931	44674	34162219	34772931	3	3	639	2	1	1	2	1	0	1	596	42	1	0	0	block_stitching
chr20	longphase	23449834	0.9979	938	2	23460963	23503225	42262	23445251	23503225	5	6	621	2	0	0	3	0	0	2	572	47	3	0	0	repeat_indels_excluded
chr20	longphase	46895038	0.9991	3271	3	46987190	47026671	39481	46896191	47035760	7	6	569	11	1	0	1	2	0	11	552	6	8	2	0	block_stitching
chr20	longphase	55382729	1.0	1689	0	55575223	55612031	36808	55492791	55612030	5	8	838	6	1	0	2	3	0	3	556	105	0	1	173	block_stitching
chr20	longphase	38341762	0.9954	3262	15	38927602	38963711	36109	38393470	38963711	4	4	393	6	0	1	1	0	0	7	383	1	3	0	0	repeat_indels_excluded
chr20	longphase	11262361	0.9965	853	3	11311578	11347034	35456	11262361	11348253	1	1	494	2	0	0	1	1	0	1	435	55	0	0	2	clean_candidate_unphased
chr20	longphase	11813668	0.9978	1784	4	11835790	11869724	33934	11822681	11869724	9	7	442	8	0	1	1	1	0	10	427	10	1	2	0	clean_candidate_unphased
chr20	longphase	12243047	0.9949	2143	11	12418999	12451814	32815	12277078	12458901	3	2	469	1	0	0	1	0	0	1	461	6	1	0	0	repeat_indels_excluded
chr20	longphase	15380509	0.9989	902	1	15380509	15413105	32596	15367800	15413105	2	2	446	2	0	1	1	0	0	2	433	6	4	0	0	repeat_indels_excluded
chr20	longphase	54702072	0.9982	2782	5	54880180	54912022	31842	54702072	54912022	1	1	417	2	0	0	1	0	0	2	373	47	0	0	0	repeat_indels_excluded
chr20	longphase	8106314	0.9996	2821	1	8632381	8662983	30602	8176552	8662983	1	1	426	1	0	1	1	0	0	1	400	25	1	0	0	repeat_indels_excluded
chr20	longphase	56542357	0.9903	2366	23	56881860	56909075	27215	56713151	56909075	4	5	326	6	0	0	1	1	0	8	320	0	1	0	0	clean_candidate_unphased
chr20	longphase	34162219	0.9973	2573	7	34818318	34844579	26261	34811747	34844579	2	2	378	1	0	1	1	0	0	1	310	68	0	1	2	repeat_indels_excluded
chr20	longphase	11262361	0.9965	853	3	11360353	11386175	25822	11348253	11386626	2	2	320	1	0	1	1	0	0	1	272	47	4	0	0	repeat_indels_excluded
chr20	longphase	63182011	0.9986	5562	8	63945865	63969922	24057	63182011	63969922	2	1	482	4	0	0	0	0	0	4	474	3	1	0	0	repeat_indels_excluded
chr20	longphase	38341762	0.9954	3262	15	39113185	39136945	23760	38963711	39149079	4	3	326	5	0	0	1	0	0	5	314	7	3	0	0	repeat_indels_excluded
chr20	longphase	4570122	0.9989	894	1	4618685	4642430	23745	4570122	4642430	1	1	325	3	0	0	0	0	0	4	310	12	1	0	0	repeat_indels_excluded
chr20	longphase	17883198	1.0	2274	0	18194808	18218259	23451	17883198	18218259	0	0	262	0	0	0	0	0	0	0	236	24	2	0	0	catalog_site_not_candidate
chr20	longphase	57866713	0.9962	1598	6	57911734	57934951	23217	57866713	57934951	1	1	292	1	0	0	0	0	0	1	290	0	1	0	0	repeat_indels_excluded
chr20	longphase	63182011	0.9986	5562	8	64121546	64144722	23176	63969922	64144912	4	3	435	8	0	1	1	0	0	8	420	3	6	0	0	repeat_indels_excluded
chr20	longphase	46895038	0.9991	3271	3	47636774	47659910	23136	47121694	47666163	0	0	278	0	0	0	0	0	0	0	277	0	1	0	0	catalog_site_not_candidate
chr20	longphase	38341762	0.9954	3262	15	38370611	38393470	22859	38368718	38393470	3	4	233	5	0	0	0	0	0	5	224	0	8	0	0	repeat_indels_excluded
chr20	longphase	24142287	1.0	1809	0	24357615	24379633	22018	24142287	24379633	0	0	367	0	0	0	0	0	0	0	365	1	1	0	0	catalog_site_not_candidate
chr20	longphase	16715241	0.9979	3856	8	17499524	17521341	21817	16926069	17521341	2	1	337	0	0	0	0	0	0	0	276	51	0	0	13	catalog_site_not_candidate
chr20	longphase	16715241	0.9979	3856	8	16830586	16852360	21774	16773052	16854021	1	1	324	1	0	1	1	0	0	1	320	1	2	0	0	repeat_indels_excluded
chr20	longphase	47762233	0.9968	1263	4	48022132	48043584	21452	47762233	48043584	1	1	260	1	0	0	0	0	0	1	246	12	2	0	0	repeat_indels_excluded
chr20	longphase	20813640	0.9992	1280	1	20874447	20895876	21429	20813640	20895876	1	2	320	0	0	0	0	0	0	0	318	1	1	0	0	catalog_site_not_candidate
chr20	longphase	11262361	0.9965	853	3	11426743	11447789	21046	11386626	11447789	0	0	267	0	0	0	0	0	0	0	208	60	0	0	0	catalog_site_not_candidate
chr20	longphase	45896820	0.9986	2931	4	46384021	46405048	21027	45945176	46407462	3	3	258	3	0	0	0	0	0	3	245	4	7	1	0	repeat_indels_excluded
chr20	longphase	12243047	0.9949	2143	11	12256072	12277078	21006	11869724	12277078	0	0	270	1	0	0	0	0	0	1	269	0	0	0	0	repeat_indels_excluded
chr20	longphase	34162219	0.9973	2573	7	34791342	34811747	20405	34772931	34811747	0	0	258	0	0	0	0	0	0	0	216	41	0	0	1	catalog_site_not_candidate
chr20	longphase	63182011	0.9986	5562	8	64637532	64657563	20031	64144912	64667635	1	1	310	4	0	0	0	0	0	4	298	1	9	0	0	repeat_indels_excluded
chr20	longphase	50562066	0.9971	2751	8	51145921	51165532	19611	50562066	51165532	1	0	252	2	0	0	0	0	0	3	250	0	1	0	0	repeat_indels_excluded
chr20	longphase	55382729	1.0	1689	0	55472966	55492323	19357	55382729	55492791	1	1	263	5	0	0	0	0	0	5	242	15	2	0	3	repeat_indels_excluded
chr20	longphase	24602508	0.9982	5420	10	25083365	25102178	18813	24601280	25109617	0	0	233	0	0	0	0	0	0	0	224	5	5	0	0	catalog_site_not_candidate
chr20	longphase	41898323	0.9953	642	3	41900800	41919487	18687	41898323	41924682	2	1	214	0	0	0	0	0	0	0	208	6	2	0	0	catalog_site_not_candidate
chr20	longphase	45896820	0.9986	2931	4	45916036	45934516	18480	45896820	45945176	1	1	230	0	0	0	0	0	0	0	187	45	0	0	0	catalog_site_not_candidate
chr20	longphase	45896820	0.9986	2931	4	46611617	46629630	18013	46407462	46634216	0	0	227	2	0	0	0	0	0	2	225	0	2	0	0	repeat_indels_excluded
chr20	longphase	51262081	0.9972	3890	11	51337898	51355882	17984	51287372	51365957	0	0	241	2	0	0	0	0	0	2	237	1	2	0	0	repeat_indels_excluded
chr20	longphase	39286408	0.9971	5578	16	39838293	39856144	17851	39389245	39868811	3	4	268	2	0	0	0	0	0	2	260	8	1	1	0	repeat_indels_excluded
chr20	longphase	16715241	0.9979	3856	8	16740967	16758611	17644	16715241	16773052	1	1	225	1	0	0	1	0	0	1	213	11	0	0	1	repeat_indels_excluded
chr20	longphase	37695990	0.9983	1157	2	37909573	37926274	16701	37667751	37937715	1	1	159	1	0	0	0	0	0	1	155	1	2	0	0	repeat_indels_excluded
chr20	longphase	42122863	1.0	1285	0	42191762	42208160	16398	42128667	42208160	0	0	165	2	0	0	0	0	0	2	160	1	4	0	0	repeat_indels_excluded
chr20	longphase	130540	0.9986	2932	4	528852	545002	16150	195305	545002	0	0	158	6	0	0	0	0	0	6	136	14	3	0	0	repeat_indels_excluded
chr20	longphase	3597791	0.999	964	1	3790919	3806891	15972	3597791	3806891	1	1	235	4	0	0	0	0	0	4	202	33	2	1	0	repeat_indels_excluded
chr20	longphase	7343405	0.9968	2162	7	7382248	7397985	15737	7343405	7407227	1	1	198	2	0	0	0	0	0	2	195	2	2	0	0	repeat_indels_excluded
chr20	longphase	61487311	0.9918	607	5	61551581	61567016	15435	61489451	61577290	0	0	257	0	0	0	0	0	0	0	255	1	1	0	0	catalog_site_not_candidate
chr20	longphase	130540	0.9986	2932	4	163697	178653	14956	130540	195305	2	2	268	2	0	0	1	0	0	2	238	32	0	0	0	repeat_indels_excluded
chr20	longphase	39286408	0.9971	5578	16	39374440	39389245	14805	39286408	39389245	0	0	190	1	0	0	0	0	0	1	165	23	1	0	0	repeat_indels_excluded
chr20	longphase	49062203	0.9957	233	1	49088735	49102876	14141	49062203	49107205	1	1	160	5	0	0	0	0	0	5	155	1	0	0	0	repeat_indels_excluded
chr20	longphase	55382729	1.0	1689	0	55658794	55672816	14022	55612030	55672815	0	0	215	1	1	0	0	0	0	1	206	2	5	0	0	block_stitching
chr20	longphase	62432427	0.9982	2708	5	62623253	62637077	13824	62432427	62645168	0	0	171	1	0	0	0	0	0	2	168	2	0	0	0	repeat_indels_excluded
chr20	longphase	18999993	0.9975	1588	4	19328082	19341833	13751	18999993	19341833	1	1	196	1	0	0	0	0	0	1	193	2	0	0	0	repeat_indels_excluded
chr20	longphase	2342133	0.9976	4922	12	2536780	2550439	13659	2342132	2550439	1	1	143	2	0	0	0	0	0	2	138	2	1	0	0	repeat_indels_excluded
chr20	longphase	56542357	0.9903	2366	23	56687167	56700300	13133	56681452	56713151	1	1	183	0	0	0	0	0	0	0	168	16	0	0	0	catalog_site_not_candidate
chr20	longphase	10343595	0.9953	1689	8	10575747	10588710	12963	10343595	10588710	2	2	134	1	0	0	0	0	0	2	111	25	0	0	0	repeat_indels_excluded
chr20	longphase	12243047	0.9949	2143	11	12673533	12686043	12510	12672265	12700826	0	0	254	1	0	0	0	0	0	1	180	75	0	0	0	repeat_indels_excluded
chr20	longphase	20813640	0.9992	1280	1	20954551	20965270	10719	20895876	20975312	0	0	131	0	0	0	0	0	0	0	129	0	2	0	0	catalog_site_not_candidate
chr20	longphase	63182011	0.9986	5562	8	64747379	64757966	10587	64667635	64771026	1	1	147	1	0	0	0	0	0	2	145	0	1	0	0	repeat_indels_excluded
chr20	longphase	42543112	0.999	5014	5	43104113	43113602	9489	42543112	43123517	1	0	107	0	0	0	0	0	0	0	95	12	0	0	0	catalog_site_not_candidate
chr20	longphase	58452672	0.999	970	1	58560611	58570083	9472	58453158	58580791	0	0	152	3	0	0	0	0	0	3	147	0	4	0	0	repeat_indels_excluded
chr20	longphase	9014032	0.9995	5657	3	9398147	9407532	9385	9014032	9407532	0	0	108	0	0	0	0	0	0	0	108	0	0	0	0	catalog_site_not_candidate
chr20	longphase	54453020	0.9952	1042	5	54467941	54477280	9339	54453020	54489926	2	2	154	2	0	0	0	0	0	2	133	22	0	0	1	repeat_indels_excluded
chr20	longphase	56542357	0.9903	2366	23	56671109	56679959	8850	56568153	56681452	0	0	162	1	0	0	0	0	0	1	162	0	0	0	0	repeat_indels_excluded
chr20	longphase	11157086	1.0	435	0	11215203	11222729	7526	11157086	11230331	0	0	91	1	0	0	0	0	0	1	75	16	1	0	0	repeat_indels_excluded
chr20	longphase	8106314	0.9996	2821	1	8165210	8172090	6880	8106314	8176552	2	1	73	0	0	0	0	0	0	0	66	8	0	0	0	catalog_site_not_candidate
chr20	longphase	15606878	0.9992	4731	4	15651932	15657590	5658	15606878	15672865	0	0	83	1	0	0	0	0	0	1	72	9	2	0	0	repeat_indels_excluded
chr20	longphase	3981464	0.994	1986	12	4017619	4022916	5297	3981464	4033448	1	0	61	1	0	0	0	0	0	1	49	12	1	0	0	repeat_indels_excluded
chr20	longphase	16715241	0.9979	3856	8	16907717	16912741	5024	16854021	16926069	1	0	77	0	0	0	0	0	0	0	77	0	0	0	0	catalog_site_not_candidate
chr20	longphase	890261	0.9979	949	2	976206	981083	4877	890261	988405	0	0	70	0	0	0	0	0	0	0	55	15	0	0	0	catalog_site_not_candidate
chr20	longphase	63182011	0.9986	5562	8	64786926	64790934	4008	64771026	64797367	0	0	73	1	0	0	0	0	0	1	72	0	0	0	0	repeat_indels_excluded
chr20	longphase	9014032	0.9995	5657	3	9479107	9481969	2862	9407532	9494207	0	0	35	1	0	0	0	0	0	1	33	1	1	0	0	repeat_indels_excluded
chr20	longphase	12243047	0.9949	2143	11	12660478	12662586	2108	12458901	12672265	0	0	35	0	0	0	0	0	0	0	33	2	0	0	0	catalog_site_not_candidate
chr20	longphase	63182011	0.9986	5562	8	64810836	64812264	1428	64797367	64821256	0	0	19	0	0	0	0	0	0	0	17	2	0	0	0	catalog_site_not_candidate
chr20	longphase	15606878	0.9992	4731	4	16275389	16276016	627	15672865	16291042	2	2	14	1	0	0	0	0	0	1	9	7	0	0	0	repeat_indels_excluded
chr20	longphase	1690618	0.9995	2179	1	1912570	1913054	484	1690618	1903119	0	0	6	0	0	0	0	0	0	0	5	0	1	0	0	catalog_site_not_candidate
chr20	whatshap	14719378	0.9907	2687	25	15019294	15130077	110783	14729749	15115387	17	17	1446	16	3	0	15	3	1	18	1408	22	8	0	0	block_stitching
chr20	whatshap	46875643	0.999	4819	5	47671540	47762233	90693	47666163	47762233	17	11	1101	21	3	0	8	4	0	19	998	90	6	6	0	block_stitching
chr20	whatshap	61487311	0.9947	1503	8	61737962	61810469	72507	61690751	61823286	16	18	884	18	2	0	13	2	0	18	802	78	13	8	0	block_stitching
chr20	whatshap	61487311	0.9947	1503	8	61629569	61690751	61182	61577290	61690751	11	12	698	8	2	0	10	1	1	8	681	12	5	4	0	block_stitching
chr20	whatshap	2342133	0.9986	4904	7	3491592	3550839	59247	2550439	3550839	6	5	682	8	1	0	5	3	0	5	665	2	12	0	0	block_stitching
chr20	whatshap	46875643	0.999	4819	5	47062175	47118148	55973	47035760	47121694	27	26	709	27	1	1	25	21	0	7	637	47	1	0	0	block_stitching
chr20	whatshap	18442592	0.9906	4376	41	19358995	19414720	55725	19341833	19414719	6	7	683	8	1	0	5	1	0	10	661	12	7	3	0	block_stitching
chr20	whatshap	9014032	0.9973	9173	25	10706319	10760419	54100	10588710	10760419	5	4	636	10	0	0	3	0	0	14	612	9	10	0	0	repeat_indels_excluded
chr20	whatshap	54453020	0.9956	3865	17	54547514	54596124	48610	54489926	54608923	4	5	592	4	1	1	5	1	0	4	540	48	3	1	0	block_stitching
chr20	whatshap	19502530	0.9913	4377	38	20493042	20540928	47886	19752261	20540928	8	9	472	10	0	0	8	2	0	9	452	11	4	1	0	clean_candidate_unphased
chr20	whatshap	19502530	0.9913	4377	38	19724252	19771955	47703	19526088	19752261	3	3	646	6	1	0	3	2	0	4	638	3	2	0	0	block_stitching
chr20	whatshap	9014032	0.9973	9173	25	10296487	10343595	47108	9494207	10343595	2	5	562	3	0	0	4	0	0	4	513	48	2	0	0	repeat_indels_excluded
chr20	whatshap	7887136	0.9988	837	1	7901325	7947306	45981	7887136	7924485	3	3	576	3	1	0	2	1	0	2	502	71	1	2	3	block_stitching
chr20	whatshap	1142089	0.9973	2224	6	1152444	1194207	41763	1142089	1196966	6	6	516	3	0	0	4	0	0	3	477	40	1	2	0	repeat_indels_excluded
chr20	whatshap	5239260	0.9928	555	4	5309406	5350509	41103	5272413	5350508	5	4	807	3	1	0	3	0	0	4	583	170	1	2	52	block_stitching
chr20	whatshap	46875643	0.999	4819	5	46987190	47026671	39481	46896191	47035760	7	6	569	11	1	0	5	2	0	11	552	6	8	2	0	block_stitching
chr20	whatshap	5393615	1.0	3211	0	5497456	5533786	36330	5393717	5533785	3	4	700	4	3	0	4	1	1	3	693	1	2	0	0	block_stitching
chr20	whatshap	11262361	0.9988	849	1	11311578	11347034	35456	11262361	11348253	1	1	494	2	0	0	1	1	0	1	435	55	0	0	2	clean_candidate_unphased
chr20	whatshap	15367799	0.999	975	1	15380509	15413105	32596	15367800	15413105	2	2	446	2	0	1	2	0	0	2	433	6	4	0	0	repeat_indels_excluded
chr20	whatshap	54453020	0.9956	3865	17	54880180	54912022	31842	54702072	54912022	1	1	417	2	0	0	1	0	0	2	373	47	0	0	0	repeat_indels_excluded
chr20	whatshap	8106314	0.9986	2826	4	8632381	8662983	30602	8176552	8662983	1	1	426	1	0	1	1	0	0	1	400	25	1	0	0	repeat_indels_excluded
chr20	whatshap	5239260	0.9928	555	4	5242390	5272413	30023	5239260	5272413	2	2	406	1	0	0	2	0	0	1	401	0	6	0	0	repeat_indels_excluded
chr20	whatshap	60286266	0.9959	980	4	60425968	60453493	27525	60286266	60467115	4	3	289	8	1	0	3	0	1	7	263	20	2	1	0	block_stitching
chr20	whatshap	56542357	0.9908	2388	22	56881860	56909075	27215	56713151	56909075	4	5	326	6	0	0	4	1	0	8	320	0	1	0	0	clean_candidate_unphased
chr20	whatshap	24142287	1.0	6671	0	24574099	24601281	27182	24379633	24601280	1	1	355	1	0	0	1	0	0	2	345	6	4	0	0	repeat_indels_excluded
chr20	whatshap	54453020	0.9956	3865	17	54675445	54702072	26627	54608923	54702072	3	2	307	5	0	0	2	0	0	5	283	18	6	0	0	repeat_indels_excluded
chr20	whatshap	130540	0.9964	3896	14	863640	890261	26621	545002	890261	22	5	885	22	0	0	4	5	0	21	637	68	5	21	151	clean_candidate_unphased
chr20	whatshap	11262361	0.9988	849	1	11360353	11386175	25822	11348253	11386626	2	2	320	1	0	1	2	0	0	1	272	47	4	0	0	repeat_indels_excluded
chr20	whatshap	4570122	0.9976	2477	6	4854217	4878943	24726	4800234	4886360	5	0	408	5	0	0	0	0	0	5	359	46	3	4	0	repeat_indels_excluded
chr20	whatshap	1142089	0.9973	2224	6	1499101	1523721	24620	1196966	1523721	1	1	270	0	0	0	1	0	0	0	251	19	0	0	0	catalog_site_not_candidate
chr20	whatshap	4570122	0.9976	2477	6	4761808	4786025	24217	4642430	4800234	4	3	414	1	0	0	1	0	0	1	328	87	1	2	0	repeat_indels_excluded
chr20	whatshap	4570122	0.9976	2477	6	4618685	4642430	23745	4570122	4642430	1	1	325	3	0	0	0	0	0	4	310	12	1	0	0	repeat_indels_excluded
chr20	whatshap	32891138	0.9963	1622	6	33210642	33233843	23201	32910411	33233842	3	3	236	8	0	0	3	1	0	8	223	0	7	0	0	clean_candidate_unphased
chr20	whatshap	46875643	0.999	4819	5	47636774	47659910	23136	47121694	47666163	0	0	278	0	0	0	0	0	0	0	277	0	1	0	0	catalog_site_not_candidate
chr20	whatshap	24142287	1.0	6671	0	24357615	24379633	22018	24142287	24379633	0	0	367	0	0	0	0	0	0	0	365	1	1	0	0	catalog_site_not_candidate
chr20	whatshap	62385548	0.999	2903	3	62410496	62432427	21931	62385548	62432427	1	0	302	1	0	0	0	0	0	1	302	0	0	0	0	repeat_indels_excluded
chr20	whatshap	46875643	0.999	4819	5	48022132	48043584	21452	47762233	48043584	1	1	260	1	0	0	1	0	0	1	246	12	2	0	0	repeat_indels_excluded
chr20	whatshap	11262361	0.9988	849	1	11426743	11447789	21046	11386626	11447789	0	0	267	0	0	0	0	0	0	0	208	60	0	0	0	catalog_site_not_candidate
chr20	whatshap	50562066	0.9982	2741	5	51145921	51165532	19611	50562066	51165532	1	0	252	2	0	0	0	0	0	3	250	0	1	0	0	repeat_indels_excluded
chr20	whatshap	24142287	1.0	6671	0	25083365	25102178	18813	24601280	25109617	0	0	233	0	0	0	0	0	0	0	224	5	5	0	0	catalog_site_not_candidate
chr20	whatshap	51262081	0.9985	3878	6	51337898	51355882	17984	51287372	51365957	0	0	241	2	0	0	0	0	0	2	237	1	2	0	0	repeat_indels_excluded
chr20	whatshap	39273205	0.9979	5650	12	39838293	39856144	17851	39389245	39868811	3	4	268	2	0	0	3	0	0	2	260	8	1	1	0	repeat_indels_excluded
chr20	whatshap	18442592	0.9906	4376	41	18983414	18999993	16579	18442592	18999993	0	0	251	2	0	0	0	0	0	2	249	3	0	2	0	repeat_indels_excluded
chr20	whatshap	42122863	0.9977	1302	3	42191762	42208160	16398	42128667	42208160	0	0	165	2	0	0	0	0	0	2	160	1	4	0	0	repeat_indels_excluded
chr20	whatshap	130540	0.9964	3896	14	528852	545002	16150	195305	545002	0	0	158	6	0	0	0	0	0	6	136	14	3	0	0	repeat_indels_excluded
chr20	whatshap	7343405	0.9981	2123	4	7382248	7397985	15737	7343405	7407227	1	1	198	2	0	0	0	0	0	2	195	2	2	0	0	repeat_indels_excluded
chr20	whatshap	61487311	0.9947	1503	8	61551581	61567016	15435	61489451	61577290	0	0	257	0	0	0	0	0	0	0	255	1	1	0	0	catalog_site_not_candidate
chr20	whatshap	130540	0.9964	3896	14	163697	178653	14956	130540	195305	2	2	268	2	0	0	1	0	0	2	238	32	0	0	0	repeat_indels_excluded
chr20	whatshap	39273205	0.9979	5650	12	39374440	39389245	14805	39286408	39389245	0	0	190	1	0	0	0	0	0	1	165	23	1	0	0	repeat_indels_excluded
chr20	whatshap	49062203	0.9963	268	1	49088735	49102876	14141	49062203	49107205	1	1	160	5	0	0	1	0	0	5	155	1	0	0	0	repeat_indels_excluded
chr20	whatshap	62385548	0.999	2903	3	62623253	62637077	13824	62432427	62645168	0	0	171	1	0	0	0	0	0	2	168	2	0	0	0	repeat_indels_excluded
chr20	whatshap	18442592	0.9906	4376	41	19328082	19341833	13751	18999993	19341833	1	1	196	1	0	0	0	0	0	1	193	2	0	0	0	repeat_indels_excluded
chr20	whatshap	2342133	0.9986	4904	7	2536780	2550439	13659	2342132	2550439	1	1	143	2	0	0	1	0	0	2	138	2	1	0	0	repeat_indels_excluded
chr20	whatshap	56542357	0.9908	2388	22	56687167	56700300	13133	56681452	56713151	1	1	183	0	0	0	0	0	0	0	168	16	0	0	0	catalog_site_not_candidate
chr20	whatshap	9014032	0.9973	9173	25	10575747	10588710	12963	10343595	10588710	2	2	134	1	0	0	0	0	0	2	111	25	0	0	0	repeat_indels_excluded
chr20	whatshap	30780554	0.996	3753	15	31753603	31766466	12863	31636239	31766466	0	1	204	0	0	0	1	0	0	0	201	3	0	0	0	catalog_site_not_candidate
chr20	whatshap	42543112	0.999	4996	5	43104113	43113602	9489	42543112	43123517	1	0	107	0	0	0	0	0	0	0	95	12	0	0	0	catalog_site_not_candidate
chr20	whatshap	9014032	0.9973	9173	25	9398147	9407532	9385	9014032	9407532	0	0	108	0	0	0	0	0	0	0	108	0	0	0	0	catalog_site_not_candidate
chr20	whatshap	54453020	0.9956	3865	17	54467941	54477280	9339	54453020	54489926	2	2	154	2	0	0	0	0	0	2	133	22	0	0	1	repeat_indels_excluded
chr20	whatshap	56542357	0.9908	2388	22	56671109	56679959	8850	56568153	56681452	0	0	162	1	0	0	0	0	0	1	162	0	0	0	0	repeat_indels_excluded
chr20	whatshap	11157014	1.0	436	0	11215203	11222729	7526	11157086	11230331	0	0	91	1	0	0	0	0	0	1	75	16	1	0	0	repeat_indels_excluded
chr20	whatshap	8106314	0.9986	2826	4	8165210	8172090	6880	8106314	8176552	2	1	73	0	0	0	0	0	0	0	66	8	0	0	0	catalog_site_not_candidate
chr20	whatshap	15606145	0.9992	4786	4	15651932	15657590	5658	15606878	15672865	0	0	83	1	0	0	0	0	0	1	72	9	2	0	0	repeat_indels_excluded
chr20	whatshap	3981464	0.9965	1989	7	4017619	4022916	5297	3981464	4033448	1	0	61	1	0	0	0	0	0	1	49	12	1	0	0	repeat_indels_excluded
chr20	whatshap	130540	0.9964	3896	14	976206	981083	4877	890261	988405	0	0	70	0	0	0	0	0	0	0	55	15	0	0	0	catalog_site_not_candidate
chr20	whatshap	9014032	0.9973	9173	25	9479107	9481969	2862	9407532	9494207	0	0	35	1	0	0	0	0	0	1	33	1	1	0	0	repeat_indels_excluded
chr20	whatshap	15606145	0.9992	4786	4	16275389	16276016	627	15672865	16291042	2	2	14	1	0	0	1	0	0	1	9	7	0	0	0	repeat_indels_excluded
chr20	whatshap	1690618	0.9991	2189	2	1912570	1913054	484	1690618	1903119	0	0	6	0	0	0	0	0	0	0	5	0	1	0	0	catalog_site_not_candidate
chr20	whatshap	30780554	0.996	3753	15	31627900	31628197	297	30814329	31636239	1	0	5	1	0	0	0	0	0	1	4	0	0	0	0	repeat_indels_excluded
chr20	whatshap_opt	14719378	0.997	2691	8	15019294	15130077	110783	14729749	15115387	17	17	1446	16	3	0	13	3	1	18	1408	22	8	0	0	block_stitching
chr20	whatshap_opt	46875643	0.999	4819	5	47671540	47762233	90693	47666163	47762233	17	11	1101	21	3	0	8	4	0	19	998	90	6	6	0	block_stitching
chr20	whatshap_opt	61487311	0.9947	1503	8	61737962	61810469	72507	61690751	61823286	16	18	884	18	2	0	13	2	0	18	802	78	13	8	0	block_stitching
chr20	whatshap_opt	16715241	0.9978	4574	10	17607780	17679082	71302	17521341	17679082	6	5	909	8	1	0	4	1	0	7	884	9	11	0	0	block_stitching
chr20	whatshap_opt	61487311	0.9947	1503	8	61629569	61690751	61182	61577290	61690751	11	12	698	8	2	0	10	1	1	8	681	12	5	4	0	block_stitching
chr20	whatshap_opt	2342133	0.9986	4908	7	3491592	3550839	59247	2550439	3550839	6	5	682	8	1	0	5	3	0	5	665	2	12	0	0	block_stitching
chr20	whatshap_opt	56040612	0.9968	620	2	56049499	56107742	58243	56040612	56107742	3	3	854	4	0	0	3	0	0	4	848	1	2	1	0	repeat_indels_excluded
chr20	whatshap_opt	46875643	0.999	4819	5	47062175	47118148	55973	47035760	47121694	27	26	709	27	1	1	25	21	0	7	637	47	1	0	0	block_stitching
chr20	whatshap_opt	9014032	0.9985	9159	14	10706319	10760419	54100	10588710	10760419	5	4	636	10	0	0	3	0	0	14	612	9	10	0	0	repeat_indels_excluded
chr20	whatshap_opt	54453020	0.9992	3863	3	54547514	54596124	48610	54489926	54608923	4	5	592	4	1	1	5	1	0	4	540	48	3	1	0	block_stitching
chr20	whatshap_opt	19502530	0.9989	4372	5	20493042	20540928	47886	19752261	20540928	8	9	472	10	0	0	6	2	0	9	452	11	4	1	0	clean_candidate_unphased
chr20	whatshap_opt	19502530	0.9989	4372	5	19724252	19771955	47703	19526088	19752261	3	3	646	6	1	0	3	2	0	4	638	3	2	0	0	block_stitching
chr20	whatshap_opt	9014032	0.9985	9159	14	10296487	10343595	47108	9494207	10343595	2	5	562	3	0	0	4	0	0	4	513	48	2	0	0	repeat_indels_excluded
chr20	whatshap_opt	7887136	0.9988	837	1	7901325	7947306	45981	7887136	7924485	3	3	576	3	1	0	2	1	0	2	502	71	1	2	3	block_stitching
chr20	whatshap_opt	34162219	0.9996	2553	1	34728257	34772931	44674	34162219	34772931	3	3	639	2	1	1	2	1	0	1	596	42	1	0	0	block_stitching
chr20	whatshap_opt	16715241	0.9978	4574	10	17695027	17738419	43392	17679082	17723058	3	3	552	5	1	0	3	2	0	3	536	10	2	0	0	block_stitching
chr20	whatshap_opt	1142089	0.9973	2223	6	1152444	1194207	41763	1142089	1196966	6	6	516	3	0	0	4	0	0	3	477	40	1	2	0	repeat_indels_excluded
chr20	whatshap_opt	5239260	0.991	557	5	5309406	5350509	41103	5272413	5350508	5	4	807	3	1	0	3	0	0	4	583	170	1	2	52	block_stitching
chr20	whatshap_opt	46875643	0.999	4819	5	46987190	47026671	39481	46896191	47035760	7	6	569	11	1	0	5	2	0	11	552	6	8	2	0	block_stitching
chr20	whatshap_opt	5393615	0.9991	3214	3	5497456	5533786	36330	5393717	5533785	3	4	700	4	3	0	3	1	1	3	693	1	2	0	0	block_stitching
chr20	whatshap_opt	11262361	0.9988	849	1	11311578	11347034	35456	11262361	11348253	1	1	494	2	0	0	1	1	0	1	435	55	0	0	2	clean_candidate_unphased
chr20	whatshap_opt	15367799	0.999	975	1	15380509	15413105	32596	15367800	15413105	2	2	446	2	0	1	2	0	0	2	433	6	4	0	0	repeat_indels_excluded
chr20	whatshap_opt	54453020	0.9992	3863	3	54880180	54912022	31842	54702072	54912022	1	1	417	2	0	0	1	0	0	2	373	47	0	0	0	repeat_indels_excluded
chr20	whatshap_opt	8106314	1.0	2824	0	8632381	8662983	30602	8176552	8662983	1	1	426	1	0	1	1	0	0	1	400	25	1	0	0	repeat_indels_excluded
chr20	whatshap_opt	5239260	0.991	557	5	5242390	5272413	30023	5239260	5272413	2	2	406	1	0	0	1	0	0	1	401	0	6	0	0	repeat_indels_excluded
chr20	whatshap_opt	7206650	0.9959	485	2	7250571	7280356	29785	7206650	7280339	3	3	407	5	1	0	1	1	0	6	400	2	6	0	0	block_stitching
chr20	whatshap_opt	60286266	1.0	979	0	60425968	60453493	27525	60286266	60467115	4	3	289	8	1	0	1	0	1	7	263	20	2	1	0	block_stitching
chr20	whatshap_opt	56542357	0.9908	2394	22	56881860	56909075	27215	56713151	56909075	4	5	326	6	0	0	4	1	0	8	320	0	1	0	0	clean_candidate_unphased
chr20	whatshap_opt	24142287	1.0	6671	0	24574099	24601281	27182	24379633	24601280	1	1	355	1	0	0	1	0	0	2	345	6	4	0	0	repeat_indels_excluded
chr20	whatshap_opt	54453020	0.9992	3863	3	54675445	54702072	26627	54608923	54702072	3	2	307	5	0	0	1	0	0	5	283	18	6	0	0	repeat_indels_excluded
chr20	whatshap_opt	130540	0.9967	3895	13	863640	890261	26621	545002	890261	22	5	885	22	0	0	3	5	0	21	637	68	5	21	151	clean_candidate_unphased
chr20	whatshap_opt	34162219	0.9996	2553	1	34818318	34844579	26261	34811747	34844579	2	2	378	1	0	1	1	0	0	1	310	68	0	1	2	repeat_indels_excluded
chr20	whatshap_opt	11262361	0.9988	849	1	11360353	11386175	25822	11348253	11386626	2	2	320	1	0	1	2	0	0	1	272	47	4	0	0	repeat_indels_excluded
chr20	whatshap_opt	4570122	0.9972	2478	7	4854217	4878943	24726	4800234	4886360	5	0	408	5	0	0	0	0	0	5	359	46	3	4	0	repeat_indels_excluded
chr20	whatshap_opt	1142089	0.9973	2223	6	1499101	1523721	24620	1196966	1523721	1	1	270	0	0	0	1	0	0	0	251	19	0	0	0	catalog_site_not_candidate
chr20	whatshap_opt	48149548	0.9962	3409	13	48925908	48950388	24480	48229446	48950388	1	1	352	4	0	0	1	0	0	4	343	0	5	0	0	repeat_indels_excluded
chr20	whatshap_opt	4570122	0.9972	2478	7	4761808	4786025	24217	4642430	4800234	4	3	414	1	0	0	1	0	0	1	328	87	1	2	0	repeat_indels_excluded
chr20	whatshap_opt	4570122	0.9972	2478	7	4618685	4642430	23745	4570122	4642430	1	1	325	3	0	0	0	0	0	4	310	12	1	0	0	repeat_indels_excluded
chr20	whatshap_opt	37667751	0.9966	1488	5	37984529	38008026	23497	37937715	38008026	3	1	276	3	0	0	0	1	0	3	263	11	2	2	0	clean_candidate_unphased
chr20	whatshap_opt	17852024	0.9992	2381	2	18194808	18218259	23451	17883198	18218259	0	0	262	0	0	0	0	0	0	0	236	24	2	0	0	catalog_site_not_candidate
chr20	whatshap_opt	32891152	0.9963	1621	6	33210642	33233843	23201	32910411	33233842	3	3	236	8	0	0	3	1	0	8	223	0	7	0	0	clean_candidate_unphased
chr20	whatshap_opt	46875643	0.999	4819	5	47636774	47659910	23136	47121694	47666163	0	0	278	0	0	0	0	0	0	0	277	0	1	0	0	catalog_site_not_candidate
chr20	whatshap_opt	24142287	1.0	6671	0	24357615	24379633	22018	24142287	24379633	0	0	367	0	0	0	0	0	0	0	365	1	1	0	0	catalog_site_not_candidate
chr20	whatshap_opt	62385548	0.999	2904	3	62410496	62432427	21931	62385548	62432427	1	0	302	1	0	0	0	0	0	1	302	0	0	0	0	repeat_indels_excluded
chr20	whatshap_opt	16715241	0.9978	4574	10	17499524	17521341	21817	16926069	17521341	2	1	337	0	0	0	0	0	0	0	276	51	0	0	13	catalog_site_not_candidate
chr20	whatshap_opt	16715241	0.9978	4574	10	16830586	16852360	21774	16773052	16854021	1	1	324	1	0	1	1	0	0	1	320	1	2	0	0	repeat_indels_excluded
chr20	whatshap_opt	46875643	0.999	4819	5	48022132	48043584	21452	47762233	48043584	1	1	260	1	0	0	1	0	0	1	246	12	2	0	0	repeat_indels_excluded
chr20	whatshap_opt	11262361	0.9988	849	1	11426743	11447789	21046	11386626	11447789	0	0	267	0	0	0	0	0	0	0	208	60	0	0	0	catalog_site_not_candidate
chr20	whatshap_opt	45864128	0.9914	3028	26	46384021	46405048	21027	45945176	46407462	3	3	258	3	0	0	3	0	0	3	245	4	7	1	0	repeat_indels_excluded
chr20	whatshap_opt	34162219	0.9996	2553	1	34791342	34811747	20405	34772931	34811747	0	0	258	0	0	0	0	0	0	0	216	41	0	0	1	catalog_site_not_candidate
chr20	whatshap_opt	50562066	0.9985	2740	4	51145921	51165532	19611	50562066	51165532	1	0	252	2	0	0	0	0	0	3	250	0	1	0	0	repeat_indels_excluded
chr20	whatshap_opt	24142287	1.0	6671	0	25083365	25102178	18813	24601280	25109617	0	0	233	0	0	0	0	0	0	0	224	5	5	0	0	catalog_site_not_candidate
chr20	whatshap_opt	45864128	0.9914	3028	26	45916036	45934516	18480	45896820	45945176	1	1	230	0	0	0	0	0	0	0	187	45	0	0	0	catalog_site_not_candidate
chr20	whatshap_opt	45864128	0.9914	3028	26	46611617	46629630	18013	46407462	46634216	0	0	227	2	0	0	0	0	0	2	225	0	2	0	0	repeat_indels_excluded
chr20	whatshap_opt	51262081	0.9974	3884	10	51337898	51355882	17984	51287372	51365957	0	0	241	2	0	0	0	0	0	2	237	1	2	0	0	repeat_indels_excluded
chr20	whatshap_opt	39273205	0.9979	5654	12	39838293	39856144	17851	39389245	39868811	3	4	268	2	0	0	3	0	0	2	260	8	1	1	0	repeat_indels_excluded
chr20	whatshap_opt	16715241	0.9978	4574	10	16740967	16758611	17644	16715241	16773052	1	1	225	1	0	0	1	0	0	1	213	11	0	0	1	repeat_indels_excluded
chr20	whatshap_opt	37667751	0.9966	1488	5	37909573	37926274	16701	37667751	37937715	1	1	159	1	0	0	0	0	0	1	155	1	2	0	0	repeat_indels_excluded
chr20	whatshap_opt	18442592	0.9955	3987	18	18983414	18999993	16579	18442592	18999993	0	0	251	2	0	0	0	0	0	2	249	3	0	2	0	repeat_indels_excluded
chr20	whatshap_opt	42122863	0.9977	1302	3	42191762	42208160	16398	42128667	42208160	0	0	165	2	0	0	0	0	0	2	160	1	4	0	0	repeat_indels_excluded
chr20	whatshap_opt	130540	0.9967	3895	13	528852	545002	16150	195305	545002	0	0	158	6	0	0	0	0	0	6	136	14	3	0	0	repeat_indels_excluded
chr20	whatshap_opt	3597791	0.999	984	1	3790919	3806891	15972	3597791	3806891	1	1	235	4	0	0	0	0	0	4	202	33	2	1	0	repeat_indels_excluded
chr20	whatshap_opt	7343405	0.9981	2123	4	7382248	7397985	15737	7343405	7407227	1	1	198	2	0	0	0	0	0	2	195	2	2	0	0	repeat_indels_excluded
chr20	whatshap_opt	61487311	0.9947	1503	8	61551581	61567016	15435	61489451	61577290	0	0	257	0	0	0	0	0	0	0	255	1	1	0	0	catalog_site_not_candidate
chr20	whatshap_opt	130540	0.9967	3895	13	163697	178653	14956	130540	195305	2	2	268	2	0	0	1	0	0	2	238	32	0	0	0	repeat_indels_excluded
chr20	whatshap_opt	39273205	0.9979	5654	12	39374440	39389245	14805	39286408	39389245	0	0	190	1	0	0	0	0	0	1	165	23	1	0	0	repeat_indels_excluded
chr20	whatshap_opt	49062203	0.9963	268	1	49088735	49102876	14141	49062203	49107205	1	1	160	5	0	0	1	0	0	5	155	1	0	0	0	repeat_indels_excluded
chr20	whatshap_opt	62385548	0.999	2904	3	62623253	62637077	13824	62432427	62645168	0	0	171	1	0	0	0	0	0	2	168	2	0	0	0	repeat_indels_excluded
chr20	whatshap_opt	18442592	0.9955	3987	18	19328082	19341833	13751	18999993	19341833	1	1	196	1	0	0	0	0	0	1	193	2	0	0	0	repeat_indels_excluded
chr20	whatshap_opt	2342133	0.9986	4908	7	2536780	2550439	13659	2342132	2550439	1	1	143	2	0	0	1	0	0	2	138	2	1	0	0	repeat_indels_excluded
chr20	whatshap_opt	56542357	0.9908	2394	22	56687167	56700300	13133	56681452	56713151	1	1	183	0	0	0	0	0	0	0	168	16	0	0	0	catalog_site_not_candidate
chr20	whatshap_opt	9014032	0.9985	9159	14	10575747	10588710	12963	10343595	10588710	2	2	134	1	0	0	0	0	0	2	111	25	0	0	0	repeat_indels_excluded
chr20	whatshap_opt	30780554	0.9957	3753	16	31753603	31766466	12863	31636239	31766466	0	1	204	0	0	0	0	0	0	0	201	3	0	0	0	catalog_site_not_candidate
chr20	whatshap_opt	42543112	0.9992	4999	4	43104113	43113602	9489	42543112	43123517	1	0	107	0	0	0	0	0	0	0	95	12	0	0	0	catalog_site_not_candidate
chr20	whatshap_opt	58452672	0.999	964	1	58560611	58570083	9472	58453158	58580791	0	0	152	3	0	0	0	0	0	3	147	0	4	0	0	repeat_indels_excluded
chr20	whatshap_opt	9014032	0.9985	9159	14	9398147	9407532	9385	9014032	9407532	0	0	108	0	0	0	0	0	0	0	108	0	0	0	0	catalog_site_not_candidate
chr20	whatshap_opt	54453020	0.9992	3863	3	54467941	54477280	9339	54453020	54489926	2	2	154	2	0	0	0	0	0	2	133	22	0	0	1	repeat_indels_excluded
chr20	whatshap_opt	56542357	0.9908	2394	22	56671109	56679959	8850	56568153	56681452	0	0	162	1	0	0	0	0	0	1	162	0	0	0	0	repeat_indels_excluded
chr20	whatshap_opt	11157014	1.0	436	0	11215203	11222729	7526	11157086	11230331	0	0	91	1	0	0	0	0	0	1	75	16	1	0	0	repeat_indels_excluded
chr20	whatshap_opt	8106314	1.0	2824	0	8165210	8172090	6880	8106314	8176552	2	1	73	0	0	0	0	0	0	0	66	8	0	0	0	catalog_site_not_candidate
chr20	whatshap_opt	15606878	0.9992	4789	4	15651932	15657590	5658	15606878	15672865	0	0	83	1	0	0	0	0	0	1	72	9	2	0	0	repeat_indels_excluded
chr20	whatshap_opt	3981464	0.998	1984	4	4017619	4022916	5297	3981464	4033448	1	0	61	1	0	0	0	0	0	1	49	12	1	0	0	repeat_indels_excluded
chr20	whatshap_opt	16715241	0.9978	4574	10	16907717	16912741	5024	16854021	16926069	1	0	77	0	0	0	0	0	0	0	77	0	0	0	0	catalog_site_not_candidate
chr20	whatshap_opt	130540	0.9967	3895	13	976206	981083	4877	890261	988405	0	0	70	0	0	0	0	0	0	0	55	15	0	0	0	catalog_site_not_candidate
chr20	whatshap_opt	9014032	0.9985	9159	14	9479107	9481969	2862	9407532	9494207	0	0	35	1	0	0	0	0	0	1	33	1	1	0	0	repeat_indels_excluded
chr20	whatshap_opt	15606878	0.9992	4789	4	16275389	16276016	627	15672865	16291042	2	2	14	1	0	0	1	0	0	1	9	7	0	0	0	repeat_indels_excluded
chr20	whatshap_opt	1690618	0.9936	2202	14	1912570	1913054	484	1690618	1903119	0	0	6	0	0	0	0	0	0	0	5	0	1	0	0	catalog_site_not_candidate
chr20	whatshap_opt	30780554	0.9957	3753	16	31627900	31628197	297	30814329	31636239	1	0	5	1	0	0	0	0	0	1	4	0	0	0	0	repeat_indels_excluded
